ISO-10303-21;
HEADER;
/* Generated by software containing ST-Developer
 * from STEP Tools, Inc. (www.steptools.com) 
 */
/* OPTION: using custom renumber hook */

FILE_DESCRIPTION(
/* description */ ('STEP AP242',
'CAx-IF Rec.Pracs.---Representation and Presentation of Product Manufa
cturing Information (PMI)---4.0---2014-10-13',
'CAx-IF Rec.Pracs.---3D Tessellated Geometry---0.4---2014-09-14','2;1'),

/* implementation_level */ '2;1');

FILE_NAME(
/* name */ 'TMM-103-01-L-D',
/* time_stamp */ '2026-09-12T00:54:41+02:00',
/* author */ ('License CC BY-ND 4.0'),
/* organization */ ('CADENAS'),
/* preprocessor_version */ 'ST-DEVELOPER v20',
/* originating_system */ 'PARTsolutions',
/* authorisation */ '  ');

FILE_SCHEMA (('AP242_MANAGED_MODEL_BASED_3D_ENGINEERING_MIM_LF { 1 0 10303 442 1 1 4 }'));
ENDSEC;

DATA;
#10=DRAUGHTING_PRE_DEFINED_COLOUR('yellow');
#11=CONTEXT_DEPENDENT_SHAPE_REPRESENTATION(#17,#4307);
#12=CONTEXT_DEPENDENT_SHAPE_REPRESENTATION(#18,#4309);
#13=CONTEXT_DEPENDENT_SHAPE_REPRESENTATION(#19,#4311);
#14=NEXT_ASSEMBLY_USAGE_OCCURRENCE('NAUO1','TMM-103-01-L-D_body',
'TMM-103-01-L-D_body',#4312,#4313,'');
#15=NEXT_ASSEMBLY_USAGE_OCCURRENCE('NAUO2','TMM-103-01-L-D_pins1',
'TMM-103-01-L-D_pins1',#4312,#4314,'');
#16=NEXT_ASSEMBLY_USAGE_OCCURRENCE('NAUO3','TMM-103-01-L-D_pins2',
'TMM-103-01-L-D_pins2',#4312,#4315,'');
#17=(
REPRESENTATION_RELATIONSHIP(' ',' ',#2727,#2726)
REPRESENTATION_RELATIONSHIP_WITH_TRANSFORMATION(#20)
SHAPE_REPRESENTATION_RELATIONSHIP()
);
#18=(
REPRESENTATION_RELATIONSHIP(' ',' ',#2728,#2726)
REPRESENTATION_RELATIONSHIP_WITH_TRANSFORMATION(#21)
SHAPE_REPRESENTATION_RELATIONSHIP()
);
#19=(
REPRESENTATION_RELATIONSHIP(' ',' ',#2729,#2726)
REPRESENTATION_RELATIONSHIP_WITH_TRANSFORMATION(#22)
SHAPE_REPRESENTATION_RELATIONSHIP()
);
#20=ITEM_DEFINED_TRANSFORMATION(' ',' ',#2730,#2765);
#21=ITEM_DEFINED_TRANSFORMATION(' ',' ',#2730,#2824);
#22=ITEM_DEFINED_TRANSFORMATION(' ',' ',#2730,#2883);
#23=SHAPE_REPRESENTATION_RELATIONSHIP('','',#2727,#26);
#24=SHAPE_REPRESENTATION_RELATIONSHIP('','',#2728,#27);
#25=SHAPE_REPRESENTATION_RELATIONSHIP('','',#2729,#28);
#26=ADVANCED_BREP_SHAPE_REPRESENTATION('',(#2719),#4292);
#27=ADVANCED_BREP_SHAPE_REPRESENTATION('',(#2720),#4293);
#28=ADVANCED_BREP_SHAPE_REPRESENTATION('',(#2721),#4294);
#29=ORIENTED_EDGE('',*,*,#749,.F.);
#30=ORIENTED_EDGE('',*,*,#750,.T.);
#31=ORIENTED_EDGE('',*,*,#751,.F.);
#32=ORIENTED_EDGE('',*,*,#752,.F.);
#33=ORIENTED_EDGE('',*,*,#753,.T.);
#34=ORIENTED_EDGE('',*,*,#754,.T.);
#35=ORIENTED_EDGE('',*,*,#749,.T.);
#36=ORIENTED_EDGE('',*,*,#755,.F.);
#37=ORIENTED_EDGE('',*,*,#756,.F.);
#38=ORIENTED_EDGE('',*,*,#757,.T.);
#39=ORIENTED_EDGE('',*,*,#758,.T.);
#40=ORIENTED_EDGE('',*,*,#759,.T.);
#41=ORIENTED_EDGE('',*,*,#752,.T.);
#42=ORIENTED_EDGE('',*,*,#760,.F.);
#43=ORIENTED_EDGE('',*,*,#761,.F.);
#44=ORIENTED_EDGE('',*,*,#755,.T.);
#45=ORIENTED_EDGE('',*,*,#751,.T.);
#46=ORIENTED_EDGE('',*,*,#762,.F.);
#47=ORIENTED_EDGE('',*,*,#763,.F.);
#48=ORIENTED_EDGE('',*,*,#764,.F.);
#49=ORIENTED_EDGE('',*,*,#765,.T.);
#50=ORIENTED_EDGE('',*,*,#766,.F.);
#51=ORIENTED_EDGE('',*,*,#767,.F.);
#52=ORIENTED_EDGE('',*,*,#760,.T.);
#53=ORIENTED_EDGE('',*,*,#768,.F.);
#54=ORIENTED_EDGE('',*,*,#769,.F.);
#55=ORIENTED_EDGE('',*,*,#770,.T.);
#56=ORIENTED_EDGE('',*,*,#771,.T.);
#57=ORIENTED_EDGE('',*,*,#772,.F.);
#58=ORIENTED_EDGE('',*,*,#773,.F.);
#59=ORIENTED_EDGE('',*,*,#774,.T.);
#60=ORIENTED_EDGE('',*,*,#769,.T.);
#61=ORIENTED_EDGE('',*,*,#775,.F.);
#62=ORIENTED_EDGE('',*,*,#776,.F.);
#63=ORIENTED_EDGE('',*,*,#777,.T.);
#64=ORIENTED_EDGE('',*,*,#773,.T.);
#65=ORIENTED_EDGE('',*,*,#778,.F.);
#66=ORIENTED_EDGE('',*,*,#779,.F.);
#67=ORIENTED_EDGE('',*,*,#780,.T.);
#68=ORIENTED_EDGE('',*,*,#781,.T.);
#69=ORIENTED_EDGE('',*,*,#782,.F.);
#70=ORIENTED_EDGE('',*,*,#783,.F.);
#71=ORIENTED_EDGE('',*,*,#784,.T.);
#72=ORIENTED_EDGE('',*,*,#779,.T.);
#73=ORIENTED_EDGE('',*,*,#785,.F.);
#74=ORIENTED_EDGE('',*,*,#786,.F.);
#75=ORIENTED_EDGE('',*,*,#787,.T.);
#76=ORIENTED_EDGE('',*,*,#783,.T.);
#77=ORIENTED_EDGE('',*,*,#788,.F.);
#78=ORIENTED_EDGE('',*,*,#789,.F.);
#79=ORIENTED_EDGE('',*,*,#790,.T.);
#80=ORIENTED_EDGE('',*,*,#791,.T.);
#81=ORIENTED_EDGE('',*,*,#792,.F.);
#82=ORIENTED_EDGE('',*,*,#793,.F.);
#83=ORIENTED_EDGE('',*,*,#794,.T.);
#84=ORIENTED_EDGE('',*,*,#789,.T.);
#85=ORIENTED_EDGE('',*,*,#795,.F.);
#86=ORIENTED_EDGE('',*,*,#796,.F.);
#87=ORIENTED_EDGE('',*,*,#797,.T.);
#88=ORIENTED_EDGE('',*,*,#793,.T.);
#89=ORIENTED_EDGE('',*,*,#798,.F.);
#90=ORIENTED_EDGE('',*,*,#799,.F.);
#91=ORIENTED_EDGE('',*,*,#800,.T.);
#92=ORIENTED_EDGE('',*,*,#801,.T.);
#93=ORIENTED_EDGE('',*,*,#802,.F.);
#94=ORIENTED_EDGE('',*,*,#803,.F.);
#95=ORIENTED_EDGE('',*,*,#804,.T.);
#96=ORIENTED_EDGE('',*,*,#799,.T.);
#97=ORIENTED_EDGE('',*,*,#805,.F.);
#98=ORIENTED_EDGE('',*,*,#806,.F.);
#99=ORIENTED_EDGE('',*,*,#807,.T.);
#100=ORIENTED_EDGE('',*,*,#803,.T.);
#101=ORIENTED_EDGE('',*,*,#808,.F.);
#102=ORIENTED_EDGE('',*,*,#809,.F.);
#103=ORIENTED_EDGE('',*,*,#810,.T.);
#104=ORIENTED_EDGE('',*,*,#811,.T.);
#105=ORIENTED_EDGE('',*,*,#812,.F.);
#106=ORIENTED_EDGE('',*,*,#813,.F.);
#107=ORIENTED_EDGE('',*,*,#814,.T.);
#108=ORIENTED_EDGE('',*,*,#809,.T.);
#109=ORIENTED_EDGE('',*,*,#815,.F.);
#110=ORIENTED_EDGE('',*,*,#816,.F.);
#111=ORIENTED_EDGE('',*,*,#817,.T.);
#112=ORIENTED_EDGE('',*,*,#813,.T.);
#113=ORIENTED_EDGE('',*,*,#818,.F.);
#114=ORIENTED_EDGE('',*,*,#819,.F.);
#115=ORIENTED_EDGE('',*,*,#820,.T.);
#116=ORIENTED_EDGE('',*,*,#821,.T.);
#117=ORIENTED_EDGE('',*,*,#822,.F.);
#118=ORIENTED_EDGE('',*,*,#823,.F.);
#119=ORIENTED_EDGE('',*,*,#824,.T.);
#120=ORIENTED_EDGE('',*,*,#819,.T.);
#121=ORIENTED_EDGE('',*,*,#825,.F.);
#122=ORIENTED_EDGE('',*,*,#826,.F.);
#123=ORIENTED_EDGE('',*,*,#827,.T.);
#124=ORIENTED_EDGE('',*,*,#823,.T.);
#125=ORIENTED_EDGE('',*,*,#828,.F.);
#126=ORIENTED_EDGE('',*,*,#771,.F.);
#127=ORIENTED_EDGE('',*,*,#829,.T.);
#128=ORIENTED_EDGE('',*,*,#776,.T.);
#129=ORIENTED_EDGE('',*,*,#830,.F.);
#130=ORIENTED_EDGE('',*,*,#781,.F.);
#131=ORIENTED_EDGE('',*,*,#831,.T.);
#132=ORIENTED_EDGE('',*,*,#786,.T.);
#133=ORIENTED_EDGE('',*,*,#832,.F.);
#134=ORIENTED_EDGE('',*,*,#791,.F.);
#135=ORIENTED_EDGE('',*,*,#833,.T.);
#136=ORIENTED_EDGE('',*,*,#796,.T.);
#137=ORIENTED_EDGE('',*,*,#834,.F.);
#138=ORIENTED_EDGE('',*,*,#801,.F.);
#139=ORIENTED_EDGE('',*,*,#835,.T.);
#140=ORIENTED_EDGE('',*,*,#806,.T.);
#141=ORIENTED_EDGE('',*,*,#836,.F.);
#142=ORIENTED_EDGE('',*,*,#811,.F.);
#143=ORIENTED_EDGE('',*,*,#837,.T.);
#144=ORIENTED_EDGE('',*,*,#816,.T.);
#145=ORIENTED_EDGE('',*,*,#838,.F.);
#146=ORIENTED_EDGE('',*,*,#821,.F.);
#147=ORIENTED_EDGE('',*,*,#839,.T.);
#148=ORIENTED_EDGE('',*,*,#826,.T.);
#149=ORIENTED_EDGE('',*,*,#840,.T.);
#150=ORIENTED_EDGE('',*,*,#757,.F.);
#151=ORIENTED_EDGE('',*,*,#841,.F.);
#152=ORIENTED_EDGE('',*,*,#766,.T.);
#153=ORIENTED_EDGE('',*,*,#820,.F.);
#154=ORIENTED_EDGE('',*,*,#824,.F.);
#155=ORIENTED_EDGE('',*,*,#827,.F.);
#156=ORIENTED_EDGE('',*,*,#839,.F.);
#157=ORIENTED_EDGE('',*,*,#810,.F.);
#158=ORIENTED_EDGE('',*,*,#814,.F.);
#159=ORIENTED_EDGE('',*,*,#817,.F.);
#160=ORIENTED_EDGE('',*,*,#837,.F.);
#161=ORIENTED_EDGE('',*,*,#800,.F.);
#162=ORIENTED_EDGE('',*,*,#804,.F.);
#163=ORIENTED_EDGE('',*,*,#807,.F.);
#164=ORIENTED_EDGE('',*,*,#835,.F.);
#165=ORIENTED_EDGE('',*,*,#790,.F.);
#166=ORIENTED_EDGE('',*,*,#794,.F.);
#167=ORIENTED_EDGE('',*,*,#797,.F.);
#168=ORIENTED_EDGE('',*,*,#833,.F.);
#169=ORIENTED_EDGE('',*,*,#780,.F.);
#170=ORIENTED_EDGE('',*,*,#784,.F.);
#171=ORIENTED_EDGE('',*,*,#787,.F.);
#172=ORIENTED_EDGE('',*,*,#831,.F.);
#173=ORIENTED_EDGE('',*,*,#770,.F.);
#174=ORIENTED_EDGE('',*,*,#774,.F.);
#175=ORIENTED_EDGE('',*,*,#777,.F.);
#176=ORIENTED_EDGE('',*,*,#829,.F.);
#177=ORIENTED_EDGE('',*,*,#756,.T.);
#178=ORIENTED_EDGE('',*,*,#761,.T.);
#179=ORIENTED_EDGE('',*,*,#767,.T.);
#180=ORIENTED_EDGE('',*,*,#841,.T.);
#181=ORIENTED_EDGE('',*,*,#765,.F.);
#182=ORIENTED_EDGE('',*,*,#842,.F.);
#183=ORIENTED_EDGE('',*,*,#758,.F.);
#184=ORIENTED_EDGE('',*,*,#840,.F.);
#185=ORIENTED_EDGE('',*,*,#768,.T.);
#186=ORIENTED_EDGE('',*,*,#828,.T.);
#187=ORIENTED_EDGE('',*,*,#775,.T.);
#188=ORIENTED_EDGE('',*,*,#772,.T.);
#189=ORIENTED_EDGE('',*,*,#778,.T.);
#190=ORIENTED_EDGE('',*,*,#830,.T.);
#191=ORIENTED_EDGE('',*,*,#785,.T.);
#192=ORIENTED_EDGE('',*,*,#782,.T.);
#193=ORIENTED_EDGE('',*,*,#788,.T.);
#194=ORIENTED_EDGE('',*,*,#832,.T.);
#195=ORIENTED_EDGE('',*,*,#795,.T.);
#196=ORIENTED_EDGE('',*,*,#792,.T.);
#197=ORIENTED_EDGE('',*,*,#798,.T.);
#198=ORIENTED_EDGE('',*,*,#834,.T.);
#199=ORIENTED_EDGE('',*,*,#805,.T.);
#200=ORIENTED_EDGE('',*,*,#802,.T.);
#201=ORIENTED_EDGE('',*,*,#808,.T.);
#202=ORIENTED_EDGE('',*,*,#836,.T.);
#203=ORIENTED_EDGE('',*,*,#815,.T.);
#204=ORIENTED_EDGE('',*,*,#812,.T.);
#205=ORIENTED_EDGE('',*,*,#818,.T.);
#206=ORIENTED_EDGE('',*,*,#838,.T.);
#207=ORIENTED_EDGE('',*,*,#825,.T.);
#208=ORIENTED_EDGE('',*,*,#822,.T.);
#209=ORIENTED_EDGE('',*,*,#763,.T.);
#210=ORIENTED_EDGE('',*,*,#843,.F.);
#211=ORIENTED_EDGE('',*,*,#753,.F.);
#212=ORIENTED_EDGE('',*,*,#844,.T.);
#213=ORIENTED_EDGE('',*,*,#762,.T.);
#214=ORIENTED_EDGE('',*,*,#750,.F.);
#215=ORIENTED_EDGE('',*,*,#754,.F.);
#216=ORIENTED_EDGE('',*,*,#843,.T.);
#217=ORIENTED_EDGE('',*,*,#764,.T.);
#218=ORIENTED_EDGE('',*,*,#844,.F.);
#219=ORIENTED_EDGE('',*,*,#759,.F.);
#220=ORIENTED_EDGE('',*,*,#842,.T.);
#221=ORIENTED_EDGE('',*,*,#845,.F.);
#222=ORIENTED_EDGE('',*,*,#846,.T.);
#223=ORIENTED_EDGE('',*,*,#847,.T.);
#224=ORIENTED_EDGE('',*,*,#848,.T.);
#225=ORIENTED_EDGE('',*,*,#849,.T.);
#226=ORIENTED_EDGE('',*,*,#850,.T.);
#227=ORIENTED_EDGE('',*,*,#851,.F.);
#228=ORIENTED_EDGE('',*,*,#852,.T.);
#229=ORIENTED_EDGE('',*,*,#845,.T.);
#230=ORIENTED_EDGE('',*,*,#853,.T.);
#231=ORIENTED_EDGE('',*,*,#854,.F.);
#232=ORIENTED_EDGE('',*,*,#855,.T.);
#233=ORIENTED_EDGE('',*,*,#851,.T.);
#234=ORIENTED_EDGE('',*,*,#856,.T.);
#235=ORIENTED_EDGE('',*,*,#857,.F.);
#236=ORIENTED_EDGE('',*,*,#858,.T.);
#237=ORIENTED_EDGE('',*,*,#854,.T.);
#238=ORIENTED_EDGE('',*,*,#859,.F.);
#239=ORIENTED_EDGE('',*,*,#860,.F.);
#240=ORIENTED_EDGE('',*,*,#861,.T.);
#241=ORIENTED_EDGE('',*,*,#857,.T.);
#242=ORIENTED_EDGE('',*,*,#862,.F.);
#243=ORIENTED_EDGE('',*,*,#863,.F.);
#244=ORIENTED_EDGE('',*,*,#864,.T.);
#245=ORIENTED_EDGE('',*,*,#860,.T.);
#246=ORIENTED_EDGE('',*,*,#865,.T.);
#247=ORIENTED_EDGE('',*,*,#866,.F.);
#248=ORIENTED_EDGE('',*,*,#867,.T.);
#249=ORIENTED_EDGE('',*,*,#863,.T.);
#250=ORIENTED_EDGE('',*,*,#868,.T.);
#251=ORIENTED_EDGE('',*,*,#869,.F.);
#252=ORIENTED_EDGE('',*,*,#870,.T.);
#253=ORIENTED_EDGE('',*,*,#871,.F.);
#254=ORIENTED_EDGE('',*,*,#872,.T.);
#255=ORIENTED_EDGE('',*,*,#866,.T.);
#256=ORIENTED_EDGE('',*,*,#873,.T.);
#257=ORIENTED_EDGE('',*,*,#869,.T.);
#258=ORIENTED_EDGE('',*,*,#874,.T.);
#259=ORIENTED_EDGE('',*,*,#875,.F.);
#260=ORIENTED_EDGE('',*,*,#876,.T.);
#261=ORIENTED_EDGE('',*,*,#877,.F.);
#262=ORIENTED_EDGE('',*,*,#878,.T.);
#263=ORIENTED_EDGE('',*,*,#879,.T.);
#264=ORIENTED_EDGE('',*,*,#880,.T.);
#265=ORIENTED_EDGE('',*,*,#881,.T.);
#266=ORIENTED_EDGE('',*,*,#882,.T.);
#267=ORIENTED_EDGE('',*,*,#883,.F.);
#268=ORIENTED_EDGE('',*,*,#884,.T.);
#269=ORIENTED_EDGE('',*,*,#877,.T.);
#270=ORIENTED_EDGE('',*,*,#885,.T.);
#271=ORIENTED_EDGE('',*,*,#886,.F.);
#272=ORIENTED_EDGE('',*,*,#887,.T.);
#273=ORIENTED_EDGE('',*,*,#883,.T.);
#274=ORIENTED_EDGE('',*,*,#888,.T.);
#275=ORIENTED_EDGE('',*,*,#889,.F.);
#276=ORIENTED_EDGE('',*,*,#890,.T.);
#277=ORIENTED_EDGE('',*,*,#886,.T.);
#278=ORIENTED_EDGE('',*,*,#891,.F.);
#279=ORIENTED_EDGE('',*,*,#892,.F.);
#280=ORIENTED_EDGE('',*,*,#893,.T.);
#281=ORIENTED_EDGE('',*,*,#889,.T.);
#282=ORIENTED_EDGE('',*,*,#894,.F.);
#283=ORIENTED_EDGE('',*,*,#895,.F.);
#284=ORIENTED_EDGE('',*,*,#896,.T.);
#285=ORIENTED_EDGE('',*,*,#892,.T.);
#286=ORIENTED_EDGE('',*,*,#897,.T.);
#287=ORIENTED_EDGE('',*,*,#898,.F.);
#288=ORIENTED_EDGE('',*,*,#899,.T.);
#289=ORIENTED_EDGE('',*,*,#895,.T.);
#290=ORIENTED_EDGE('',*,*,#900,.T.);
#291=ORIENTED_EDGE('',*,*,#901,.F.);
#292=ORIENTED_EDGE('',*,*,#902,.T.);
#293=ORIENTED_EDGE('',*,*,#903,.F.);
#294=ORIENTED_EDGE('',*,*,#904,.T.);
#295=ORIENTED_EDGE('',*,*,#898,.T.);
#296=ORIENTED_EDGE('',*,*,#905,.T.);
#297=ORIENTED_EDGE('',*,*,#901,.T.);
#298=ORIENTED_EDGE('',*,*,#906,.T.);
#299=ORIENTED_EDGE('',*,*,#907,.F.);
#300=ORIENTED_EDGE('',*,*,#908,.T.);
#301=ORIENTED_EDGE('',*,*,#909,.T.);
#302=ORIENTED_EDGE('',*,*,#910,.F.);
#303=ORIENTED_EDGE('',*,*,#911,.F.);
#304=ORIENTED_EDGE('',*,*,#912,.T.);
#305=ORIENTED_EDGE('',*,*,#913,.T.);
#306=ORIENTED_EDGE('',*,*,#914,.F.);
#307=ORIENTED_EDGE('',*,*,#915,.F.);
#308=ORIENTED_EDGE('',*,*,#910,.T.);
#309=ORIENTED_EDGE('',*,*,#916,.T.);
#310=ORIENTED_EDGE('',*,*,#917,.F.);
#311=ORIENTED_EDGE('',*,*,#918,.F.);
#312=ORIENTED_EDGE('',*,*,#914,.T.);
#313=ORIENTED_EDGE('',*,*,#919,.T.);
#314=ORIENTED_EDGE('',*,*,#920,.T.);
#315=ORIENTED_EDGE('',*,*,#921,.F.);
#316=ORIENTED_EDGE('',*,*,#922,.T.);
#317=ORIENTED_EDGE('',*,*,#921,.T.);
#318=ORIENTED_EDGE('',*,*,#923,.T.);
#319=ORIENTED_EDGE('',*,*,#924,.F.);
#320=ORIENTED_EDGE('',*,*,#925,.T.);
#321=ORIENTED_EDGE('',*,*,#924,.T.);
#322=ORIENTED_EDGE('',*,*,#926,.F.);
#323=ORIENTED_EDGE('',*,*,#927,.F.);
#324=ORIENTED_EDGE('',*,*,#928,.T.);
#325=ORIENTED_EDGE('',*,*,#927,.T.);
#326=ORIENTED_EDGE('',*,*,#929,.T.);
#327=ORIENTED_EDGE('',*,*,#930,.F.);
#328=ORIENTED_EDGE('',*,*,#931,.T.);
#329=ORIENTED_EDGE('',*,*,#930,.T.);
#330=ORIENTED_EDGE('',*,*,#932,.T.);
#331=ORIENTED_EDGE('',*,*,#933,.F.);
#332=ORIENTED_EDGE('',*,*,#934,.T.);
#333=ORIENTED_EDGE('',*,*,#935,.T.);
#334=ORIENTED_EDGE('',*,*,#936,.T.);
#335=ORIENTED_EDGE('',*,*,#937,.F.);
#336=ORIENTED_EDGE('',*,*,#938,.T.);
#337=ORIENTED_EDGE('',*,*,#937,.T.);
#338=ORIENTED_EDGE('',*,*,#939,.T.);
#339=ORIENTED_EDGE('',*,*,#940,.F.);
#340=ORIENTED_EDGE('',*,*,#941,.T.);
#341=ORIENTED_EDGE('',*,*,#940,.T.);
#342=ORIENTED_EDGE('',*,*,#942,.F.);
#343=ORIENTED_EDGE('',*,*,#943,.F.);
#344=ORIENTED_EDGE('',*,*,#944,.T.);
#345=ORIENTED_EDGE('',*,*,#943,.T.);
#346=ORIENTED_EDGE('',*,*,#945,.T.);
#347=ORIENTED_EDGE('',*,*,#946,.F.);
#348=ORIENTED_EDGE('',*,*,#947,.T.);
#349=ORIENTED_EDGE('',*,*,#946,.T.);
#350=ORIENTED_EDGE('',*,*,#948,.T.);
#351=ORIENTED_EDGE('',*,*,#949,.F.);
#352=ORIENTED_EDGE('',*,*,#950,.T.);
#353=ORIENTED_EDGE('',*,*,#951,.T.);
#354=ORIENTED_EDGE('',*,*,#849,.F.);
#355=ORIENTED_EDGE('',*,*,#952,.F.);
#356=ORIENTED_EDGE('',*,*,#875,.T.);
#357=ORIENTED_EDGE('',*,*,#953,.T.);
#358=ORIENTED_EDGE('',*,*,#919,.F.);
#359=ORIENTED_EDGE('',*,*,#954,.F.);
#360=ORIENTED_EDGE('',*,*,#933,.T.);
#361=ORIENTED_EDGE('',*,*,#955,.T.);
#362=ORIENTED_EDGE('',*,*,#881,.F.);
#363=ORIENTED_EDGE('',*,*,#956,.F.);
#364=ORIENTED_EDGE('',*,*,#907,.T.);
#365=ORIENTED_EDGE('',*,*,#957,.T.);
#366=ORIENTED_EDGE('',*,*,#935,.F.);
#367=ORIENTED_EDGE('',*,*,#958,.F.);
#368=ORIENTED_EDGE('',*,*,#949,.T.);
#369=ORIENTED_EDGE('',*,*,#917,.T.);
#370=ORIENTED_EDGE('',*,*,#959,.T.);
#371=ORIENTED_EDGE('',*,*,#847,.F.);
#372=ORIENTED_EDGE('',*,*,#960,.F.);
#373=ORIENTED_EDGE('',*,*,#871,.T.);
#374=ORIENTED_EDGE('',*,*,#961,.T.);
#375=ORIENTED_EDGE('',*,*,#879,.F.);
#376=ORIENTED_EDGE('',*,*,#962,.F.);
#377=ORIENTED_EDGE('',*,*,#903,.T.);
#378=ORIENTED_EDGE('',*,*,#963,.T.);
#379=ORIENTED_EDGE('',*,*,#912,.F.);
#380=ORIENTED_EDGE('',*,*,#964,.F.);
#381=ORIENTED_EDGE('',*,*,#964,.T.);
#382=ORIENTED_EDGE('',*,*,#911,.T.);
#383=ORIENTED_EDGE('',*,*,#915,.T.);
#384=ORIENTED_EDGE('',*,*,#918,.T.);
#385=ORIENTED_EDGE('',*,*,#963,.F.);
#386=ORIENTED_EDGE('',*,*,#905,.F.);
#387=ORIENTED_EDGE('',*,*,#965,.T.);
#388=ORIENTED_EDGE('',*,*,#880,.F.);
#389=ORIENTED_EDGE('',*,*,#961,.F.);
#390=ORIENTED_EDGE('',*,*,#873,.F.);
#391=ORIENTED_EDGE('',*,*,#966,.T.);
#392=ORIENTED_EDGE('',*,*,#848,.F.);
#393=ORIENTED_EDGE('',*,*,#959,.F.);
#394=ORIENTED_EDGE('',*,*,#916,.F.);
#395=ORIENTED_EDGE('',*,*,#913,.F.);
#396=ORIENTED_EDGE('',*,*,#909,.F.);
#397=ORIENTED_EDGE('',*,*,#966,.F.);
#398=ORIENTED_EDGE('',*,*,#865,.F.);
#399=ORIENTED_EDGE('',*,*,#859,.T.);
#400=ORIENTED_EDGE('',*,*,#853,.F.);
#401=ORIENTED_EDGE('',*,*,#965,.F.);
#402=ORIENTED_EDGE('',*,*,#897,.F.);
#403=ORIENTED_EDGE('',*,*,#891,.T.);
#404=ORIENTED_EDGE('',*,*,#885,.F.);
#405=ORIENTED_EDGE('',*,*,#967,.F.);
#406=ORIENTED_EDGE('',*,*,#934,.F.);
#407=ORIENTED_EDGE('',*,*,#954,.T.);
#408=ORIENTED_EDGE('',*,*,#922,.F.);
#409=ORIENTED_EDGE('',*,*,#928,.F.);
#410=ORIENTED_EDGE('',*,*,#931,.F.);
#411=ORIENTED_EDGE('',*,*,#967,.T.);
#412=ORIENTED_EDGE('',*,*,#925,.F.);
#413=ORIENTED_EDGE('',*,*,#968,.F.);
#414=ORIENTED_EDGE('',*,*,#950,.F.);
#415=ORIENTED_EDGE('',*,*,#958,.T.);
#416=ORIENTED_EDGE('',*,*,#938,.F.);
#417=ORIENTED_EDGE('',*,*,#944,.F.);
#418=ORIENTED_EDGE('',*,*,#947,.F.);
#419=ORIENTED_EDGE('',*,*,#968,.T.);
#420=ORIENTED_EDGE('',*,*,#941,.F.);
#421=ORIENTED_EDGE('',*,*,#957,.F.);
#422=ORIENTED_EDGE('',*,*,#948,.F.);
#423=ORIENTED_EDGE('',*,*,#969,.T.);
#424=ORIENTED_EDGE('',*,*,#936,.F.);
#425=ORIENTED_EDGE('',*,*,#970,.F.);
#426=ORIENTED_EDGE('',*,*,#908,.F.);
#427=ORIENTED_EDGE('',*,*,#956,.T.);
#428=ORIENTED_EDGE('',*,*,#884,.F.);
#429=ORIENTED_EDGE('',*,*,#969,.F.);
#430=ORIENTED_EDGE('',*,*,#945,.F.);
#431=ORIENTED_EDGE('',*,*,#942,.T.);
#432=ORIENTED_EDGE('',*,*,#939,.F.);
#433=ORIENTED_EDGE('',*,*,#896,.F.);
#434=ORIENTED_EDGE('',*,*,#902,.F.);
#435=ORIENTED_EDGE('',*,*,#970,.T.);
#436=ORIENTED_EDGE('',*,*,#890,.F.);
#437=ORIENTED_EDGE('',*,*,#955,.F.);
#438=ORIENTED_EDGE('',*,*,#906,.F.);
#439=ORIENTED_EDGE('',*,*,#971,.T.);
#440=ORIENTED_EDGE('',*,*,#882,.F.);
#441=ORIENTED_EDGE('',*,*,#972,.F.);
#442=ORIENTED_EDGE('',*,*,#904,.F.);
#443=ORIENTED_EDGE('',*,*,#962,.T.);
#444=ORIENTED_EDGE('',*,*,#878,.F.);
#445=ORIENTED_EDGE('',*,*,#971,.F.);
#446=ORIENTED_EDGE('',*,*,#900,.F.);
#447=ORIENTED_EDGE('',*,*,#894,.T.);
#448=ORIENTED_EDGE('',*,*,#888,.F.);
#449=ORIENTED_EDGE('',*,*,#893,.F.);
#450=ORIENTED_EDGE('',*,*,#899,.F.);
#451=ORIENTED_EDGE('',*,*,#972,.T.);
#452=ORIENTED_EDGE('',*,*,#887,.F.);
#453=ORIENTED_EDGE('',*,*,#953,.F.);
#454=ORIENTED_EDGE('',*,*,#932,.F.);
#455=ORIENTED_EDGE('',*,*,#973,.T.);
#456=ORIENTED_EDGE('',*,*,#920,.F.);
#457=ORIENTED_EDGE('',*,*,#974,.F.);
#458=ORIENTED_EDGE('',*,*,#876,.F.);
#459=ORIENTED_EDGE('',*,*,#952,.T.);
#460=ORIENTED_EDGE('',*,*,#852,.F.);
#461=ORIENTED_EDGE('',*,*,#973,.F.);
#462=ORIENTED_EDGE('',*,*,#929,.F.);
#463=ORIENTED_EDGE('',*,*,#926,.T.);
#464=ORIENTED_EDGE('',*,*,#923,.F.);
#465=ORIENTED_EDGE('',*,*,#864,.F.);
#466=ORIENTED_EDGE('',*,*,#870,.F.);
#467=ORIENTED_EDGE('',*,*,#974,.T.);
#468=ORIENTED_EDGE('',*,*,#858,.F.);
#469=ORIENTED_EDGE('',*,*,#861,.F.);
#470=ORIENTED_EDGE('',*,*,#867,.F.);
#471=ORIENTED_EDGE('',*,*,#975,.T.);
#472=ORIENTED_EDGE('',*,*,#855,.F.);
#473=ORIENTED_EDGE('',*,*,#976,.F.);
#474=ORIENTED_EDGE('',*,*,#868,.F.);
#475=ORIENTED_EDGE('',*,*,#862,.T.);
#476=ORIENTED_EDGE('',*,*,#856,.F.);
#477=ORIENTED_EDGE('',*,*,#975,.F.);
#478=ORIENTED_EDGE('',*,*,#872,.F.);
#479=ORIENTED_EDGE('',*,*,#960,.T.);
#480=ORIENTED_EDGE('',*,*,#846,.F.);
#481=ORIENTED_EDGE('',*,*,#951,.F.);
#482=ORIENTED_EDGE('',*,*,#874,.F.);
#483=ORIENTED_EDGE('',*,*,#976,.T.);
#484=ORIENTED_EDGE('',*,*,#850,.F.);
#485=ORIENTED_EDGE('',*,*,#977,.F.);
#486=ORIENTED_EDGE('',*,*,#978,.T.);
#487=ORIENTED_EDGE('',*,*,#979,.T.);
#488=ORIENTED_EDGE('',*,*,#980,.T.);
#489=ORIENTED_EDGE('',*,*,#981,.F.);
#490=ORIENTED_EDGE('',*,*,#982,.T.);
#491=ORIENTED_EDGE('',*,*,#983,.T.);
#492=ORIENTED_EDGE('',*,*,#984,.T.);
#493=ORIENTED_EDGE('',*,*,#985,.F.);
#494=ORIENTED_EDGE('',*,*,#986,.T.);
#495=ORIENTED_EDGE('',*,*,#977,.T.);
#496=ORIENTED_EDGE('',*,*,#987,.T.);
#497=ORIENTED_EDGE('',*,*,#988,.F.);
#498=ORIENTED_EDGE('',*,*,#989,.T.);
#499=ORIENTED_EDGE('',*,*,#981,.T.);
#500=ORIENTED_EDGE('',*,*,#990,.T.);
#501=ORIENTED_EDGE('',*,*,#991,.F.);
#502=ORIENTED_EDGE('',*,*,#992,.F.);
#503=ORIENTED_EDGE('',*,*,#985,.T.);
#504=ORIENTED_EDGE('',*,*,#993,.T.);
#505=ORIENTED_EDGE('',*,*,#994,.F.);
#506=ORIENTED_EDGE('',*,*,#995,.F.);
#507=ORIENTED_EDGE('',*,*,#988,.T.);
#508=ORIENTED_EDGE('',*,*,#996,.T.);
#509=ORIENTED_EDGE('',*,*,#997,.F.);
#510=ORIENTED_EDGE('',*,*,#998,.T.);
#511=ORIENTED_EDGE('',*,*,#991,.T.);
#512=ORIENTED_EDGE('',*,*,#999,.T.);
#513=ORIENTED_EDGE('',*,*,#1000,.F.);
#514=ORIENTED_EDGE('',*,*,#1001,.T.);
#515=ORIENTED_EDGE('',*,*,#994,.T.);
#516=ORIENTED_EDGE('',*,*,#1002,.T.);
#517=ORIENTED_EDGE('',*,*,#1003,.F.);
#518=ORIENTED_EDGE('',*,*,#1004,.T.);
#519=ORIENTED_EDGE('',*,*,#997,.T.);
#520=ORIENTED_EDGE('',*,*,#1005,.T.);
#521=ORIENTED_EDGE('',*,*,#1006,.F.);
#522=ORIENTED_EDGE('',*,*,#1007,.T.);
#523=ORIENTED_EDGE('',*,*,#1000,.T.);
#524=ORIENTED_EDGE('',*,*,#1008,.T.);
#525=ORIENTED_EDGE('',*,*,#1009,.F.);
#526=ORIENTED_EDGE('',*,*,#1010,.T.);
#527=ORIENTED_EDGE('',*,*,#1011,.T.);
#528=ORIENTED_EDGE('',*,*,#1012,.T.);
#529=ORIENTED_EDGE('',*,*,#1013,.F.);
#530=ORIENTED_EDGE('',*,*,#1014,.T.);
#531=ORIENTED_EDGE('',*,*,#1015,.T.);
#532=ORIENTED_EDGE('',*,*,#1016,.T.);
#533=ORIENTED_EDGE('',*,*,#1017,.F.);
#534=ORIENTED_EDGE('',*,*,#1018,.T.);
#535=ORIENTED_EDGE('',*,*,#1009,.T.);
#536=ORIENTED_EDGE('',*,*,#1019,.T.);
#537=ORIENTED_EDGE('',*,*,#1020,.F.);
#538=ORIENTED_EDGE('',*,*,#1021,.T.);
#539=ORIENTED_EDGE('',*,*,#1013,.T.);
#540=ORIENTED_EDGE('',*,*,#1022,.T.);
#541=ORIENTED_EDGE('',*,*,#1023,.F.);
#542=ORIENTED_EDGE('',*,*,#1024,.F.);
#543=ORIENTED_EDGE('',*,*,#1017,.T.);
#544=ORIENTED_EDGE('',*,*,#1025,.T.);
#545=ORIENTED_EDGE('',*,*,#1026,.F.);
#546=ORIENTED_EDGE('',*,*,#1027,.F.);
#547=ORIENTED_EDGE('',*,*,#1020,.T.);
#548=ORIENTED_EDGE('',*,*,#1028,.T.);
#549=ORIENTED_EDGE('',*,*,#1029,.F.);
#550=ORIENTED_EDGE('',*,*,#1030,.T.);
#551=ORIENTED_EDGE('',*,*,#1023,.T.);
#552=ORIENTED_EDGE('',*,*,#1031,.T.);
#553=ORIENTED_EDGE('',*,*,#1032,.F.);
#554=ORIENTED_EDGE('',*,*,#1033,.T.);
#555=ORIENTED_EDGE('',*,*,#1026,.T.);
#556=ORIENTED_EDGE('',*,*,#1034,.T.);
#557=ORIENTED_EDGE('',*,*,#1035,.F.);
#558=ORIENTED_EDGE('',*,*,#1036,.T.);
#559=ORIENTED_EDGE('',*,*,#1029,.T.);
#560=ORIENTED_EDGE('',*,*,#1037,.T.);
#561=ORIENTED_EDGE('',*,*,#1038,.F.);
#562=ORIENTED_EDGE('',*,*,#1039,.T.);
#563=ORIENTED_EDGE('',*,*,#1032,.T.);
#564=ORIENTED_EDGE('',*,*,#1040,.T.);
#565=ORIENTED_EDGE('',*,*,#1041,.T.);
#566=ORIENTED_EDGE('',*,*,#1042,.F.);
#567=ORIENTED_EDGE('',*,*,#1043,.F.);
#568=ORIENTED_EDGE('',*,*,#1044,.T.);
#569=ORIENTED_EDGE('',*,*,#1045,.F.);
#570=ORIENTED_EDGE('',*,*,#1046,.T.);
#571=ORIENTED_EDGE('',*,*,#1047,.T.);
#572=ORIENTED_EDGE('',*,*,#1048,.T.);
#573=ORIENTED_EDGE('',*,*,#1049,.F.);
#574=ORIENTED_EDGE('',*,*,#1050,.T.);
#575=ORIENTED_EDGE('',*,*,#1045,.T.);
#576=ORIENTED_EDGE('',*,*,#1051,.T.);
#577=ORIENTED_EDGE('',*,*,#1052,.F.);
#578=ORIENTED_EDGE('',*,*,#1053,.F.);
#579=ORIENTED_EDGE('',*,*,#1049,.T.);
#580=ORIENTED_EDGE('',*,*,#1054,.T.);
#581=ORIENTED_EDGE('',*,*,#1055,.F.);
#582=ORIENTED_EDGE('',*,*,#1056,.T.);
#583=ORIENTED_EDGE('',*,*,#1052,.T.);
#584=ORIENTED_EDGE('',*,*,#1057,.T.);
#585=ORIENTED_EDGE('',*,*,#1058,.F.);
#586=ORIENTED_EDGE('',*,*,#1059,.T.);
#587=ORIENTED_EDGE('',*,*,#1055,.T.);
#588=ORIENTED_EDGE('',*,*,#1060,.T.);
#589=ORIENTED_EDGE('',*,*,#1061,.F.);
#590=ORIENTED_EDGE('',*,*,#1062,.T.);
#591=ORIENTED_EDGE('',*,*,#1063,.T.);
#592=ORIENTED_EDGE('',*,*,#1064,.T.);
#593=ORIENTED_EDGE('',*,*,#1065,.F.);
#594=ORIENTED_EDGE('',*,*,#1066,.T.);
#595=ORIENTED_EDGE('',*,*,#1061,.T.);
#596=ORIENTED_EDGE('',*,*,#1067,.T.);
#597=ORIENTED_EDGE('',*,*,#1068,.F.);
#598=ORIENTED_EDGE('',*,*,#1069,.F.);
#599=ORIENTED_EDGE('',*,*,#1065,.T.);
#600=ORIENTED_EDGE('',*,*,#1070,.T.);
#601=ORIENTED_EDGE('',*,*,#1071,.F.);
#602=ORIENTED_EDGE('',*,*,#1072,.T.);
#603=ORIENTED_EDGE('',*,*,#1068,.T.);
#604=ORIENTED_EDGE('',*,*,#1073,.T.);
#605=ORIENTED_EDGE('',*,*,#1074,.F.);
#606=ORIENTED_EDGE('',*,*,#1075,.T.);
#607=ORIENTED_EDGE('',*,*,#1071,.T.);
#608=ORIENTED_EDGE('',*,*,#1076,.T.);
#609=ORIENTED_EDGE('',*,*,#1042,.T.);
#610=ORIENTED_EDGE('',*,*,#1077,.T.);
#611=ORIENTED_EDGE('',*,*,#1047,.F.);
#612=ORIENTED_EDGE('',*,*,#1078,.T.);
#613=ORIENTED_EDGE('',*,*,#1058,.T.);
#614=ORIENTED_EDGE('',*,*,#1079,.T.);
#615=ORIENTED_EDGE('',*,*,#1063,.F.);
#616=ORIENTED_EDGE('',*,*,#1080,.T.);
#617=ORIENTED_EDGE('',*,*,#1074,.T.);
#618=ORIENTED_EDGE('',*,*,#1081,.T.);
#619=ORIENTED_EDGE('',*,*,#1082,.F.);
#620=ORIENTED_EDGE('',*,*,#1083,.F.);
#621=ORIENTED_EDGE('',*,*,#979,.F.);
#622=ORIENTED_EDGE('',*,*,#1084,.T.);
#623=ORIENTED_EDGE('',*,*,#1003,.T.);
#624=ORIENTED_EDGE('',*,*,#1085,.F.);
#625=ORIENTED_EDGE('',*,*,#983,.F.);
#626=ORIENTED_EDGE('',*,*,#1086,.T.);
#627=ORIENTED_EDGE('',*,*,#1006,.T.);
#628=ORIENTED_EDGE('',*,*,#1087,.F.);
#629=ORIENTED_EDGE('',*,*,#1011,.F.);
#630=ORIENTED_EDGE('',*,*,#1088,.T.);
#631=ORIENTED_EDGE('',*,*,#1035,.T.);
#632=ORIENTED_EDGE('',*,*,#1089,.F.);
#633=ORIENTED_EDGE('',*,*,#1015,.F.);
#634=ORIENTED_EDGE('',*,*,#1090,.T.);
#635=ORIENTED_EDGE('',*,*,#1038,.T.);
#636=ORIENTED_EDGE('',*,*,#1091,.F.);
#637=ORIENTED_EDGE('',*,*,#1092,.T.);
#638=ORIENTED_EDGE('',*,*,#1093,.F.);
#639=ORIENTED_EDGE('',*,*,#1094,.F.);
#640=ORIENTED_EDGE('',*,*,#1082,.T.);
#641=ORIENTED_EDGE('',*,*,#1093,.T.);
#642=ORIENTED_EDGE('',*,*,#1095,.T.);
#643=ORIENTED_EDGE('',*,*,#1044,.F.);
#644=ORIENTED_EDGE('',*,*,#1096,.F.);
#645=ORIENTED_EDGE('',*,*,#1083,.T.);
#646=ORIENTED_EDGE('',*,*,#1094,.T.);
#647=ORIENTED_EDGE('',*,*,#1096,.T.);
#648=ORIENTED_EDGE('',*,*,#1043,.T.);
#649=ORIENTED_EDGE('',*,*,#1081,.F.);
#650=ORIENTED_EDGE('',*,*,#1076,.F.);
#651=ORIENTED_EDGE('',*,*,#1097,.T.);
#652=ORIENTED_EDGE('',*,*,#1064,.F.);
#653=ORIENTED_EDGE('',*,*,#1079,.F.);
#654=ORIENTED_EDGE('',*,*,#1060,.F.);
#655=ORIENTED_EDGE('',*,*,#1098,.T.);
#656=ORIENTED_EDGE('',*,*,#1048,.F.);
#657=ORIENTED_EDGE('',*,*,#1077,.F.);
#658=ORIENTED_EDGE('',*,*,#1041,.F.);
#659=ORIENTED_EDGE('',*,*,#1095,.F.);
#660=ORIENTED_EDGE('',*,*,#1092,.F.);
#661=ORIENTED_EDGE('',*,*,#1098,.F.);
#662=ORIENTED_EDGE('',*,*,#1057,.F.);
#663=ORIENTED_EDGE('',*,*,#1054,.F.);
#664=ORIENTED_EDGE('',*,*,#1051,.F.);
#665=ORIENTED_EDGE('',*,*,#1097,.F.);
#666=ORIENTED_EDGE('',*,*,#1073,.F.);
#667=ORIENTED_EDGE('',*,*,#1070,.F.);
#668=ORIENTED_EDGE('',*,*,#1067,.F.);
#669=ORIENTED_EDGE('',*,*,#1099,.T.);
#670=ORIENTED_EDGE('',*,*,#1004,.F.);
#671=ORIENTED_EDGE('',*,*,#1084,.F.);
#672=ORIENTED_EDGE('',*,*,#978,.F.);
#673=ORIENTED_EDGE('',*,*,#992,.T.);
#674=ORIENTED_EDGE('',*,*,#998,.F.);
#675=ORIENTED_EDGE('',*,*,#1099,.F.);
#676=ORIENTED_EDGE('',*,*,#986,.F.);
#677=ORIENTED_EDGE('',*,*,#1100,.T.);
#678=ORIENTED_EDGE('',*,*,#1036,.F.);
#679=ORIENTED_EDGE('',*,*,#1088,.F.);
#680=ORIENTED_EDGE('',*,*,#1010,.F.);
#681=ORIENTED_EDGE('',*,*,#1024,.T.);
#682=ORIENTED_EDGE('',*,*,#1030,.F.);
#683=ORIENTED_EDGE('',*,*,#1100,.F.);
#684=ORIENTED_EDGE('',*,*,#1018,.F.);
#685=ORIENTED_EDGE('',*,*,#1101,.T.);
#686=ORIENTED_EDGE('',*,*,#1075,.F.);
#687=ORIENTED_EDGE('',*,*,#1080,.F.);
#688=ORIENTED_EDGE('',*,*,#1062,.F.);
#689=ORIENTED_EDGE('',*,*,#1091,.T.);
#690=ORIENTED_EDGE('',*,*,#1040,.F.);
#691=ORIENTED_EDGE('',*,*,#1102,.F.);
#692=ORIENTED_EDGE('',*,*,#1016,.F.);
#693=ORIENTED_EDGE('',*,*,#1069,.T.);
#694=ORIENTED_EDGE('',*,*,#1072,.F.);
#695=ORIENTED_EDGE('',*,*,#1101,.F.);
#696=ORIENTED_EDGE('',*,*,#1066,.F.);
#697=ORIENTED_EDGE('',*,*,#1102,.T.);
#698=ORIENTED_EDGE('',*,*,#1034,.F.);
#699=ORIENTED_EDGE('',*,*,#1028,.F.);
#700=ORIENTED_EDGE('',*,*,#1022,.F.);
#701=ORIENTED_EDGE('',*,*,#1103,.T.);
#702=ORIENTED_EDGE('',*,*,#1039,.F.);
#703=ORIENTED_EDGE('',*,*,#1090,.F.);
#704=ORIENTED_EDGE('',*,*,#1014,.F.);
#705=ORIENTED_EDGE('',*,*,#1089,.T.);
#706=ORIENTED_EDGE('',*,*,#1037,.F.);
#707=ORIENTED_EDGE('',*,*,#1104,.F.);
#708=ORIENTED_EDGE('',*,*,#1012,.F.);
#709=ORIENTED_EDGE('',*,*,#1027,.T.);
#710=ORIENTED_EDGE('',*,*,#1033,.F.);
#711=ORIENTED_EDGE('',*,*,#1103,.F.);
#712=ORIENTED_EDGE('',*,*,#1021,.F.);
#713=ORIENTED_EDGE('',*,*,#1104,.T.);
#714=ORIENTED_EDGE('',*,*,#1031,.F.);
#715=ORIENTED_EDGE('',*,*,#1025,.F.);
#716=ORIENTED_EDGE('',*,*,#1019,.F.);
#717=ORIENTED_EDGE('',*,*,#1105,.T.);
#718=ORIENTED_EDGE('',*,*,#1059,.F.);
#719=ORIENTED_EDGE('',*,*,#1078,.F.);
#720=ORIENTED_EDGE('',*,*,#1046,.F.);
#721=ORIENTED_EDGE('',*,*,#1087,.T.);
#722=ORIENTED_EDGE('',*,*,#1008,.F.);
#723=ORIENTED_EDGE('',*,*,#1106,.F.);
#724=ORIENTED_EDGE('',*,*,#984,.F.);
#725=ORIENTED_EDGE('',*,*,#1053,.T.);
#726=ORIENTED_EDGE('',*,*,#1056,.F.);
#727=ORIENTED_EDGE('',*,*,#1105,.F.);
#728=ORIENTED_EDGE('',*,*,#1050,.F.);
#729=ORIENTED_EDGE('',*,*,#1106,.T.);
#730=ORIENTED_EDGE('',*,*,#1002,.F.);
#731=ORIENTED_EDGE('',*,*,#996,.F.);
#732=ORIENTED_EDGE('',*,*,#990,.F.);
#733=ORIENTED_EDGE('',*,*,#1107,.T.);
#734=ORIENTED_EDGE('',*,*,#999,.F.);
#735=ORIENTED_EDGE('',*,*,#993,.F.);
#736=ORIENTED_EDGE('',*,*,#987,.F.);
#737=ORIENTED_EDGE('',*,*,#995,.T.);
#738=ORIENTED_EDGE('',*,*,#1001,.F.);
#739=ORIENTED_EDGE('',*,*,#1108,.F.);
#740=ORIENTED_EDGE('',*,*,#989,.F.);
#741=ORIENTED_EDGE('',*,*,#1085,.T.);
#742=ORIENTED_EDGE('',*,*,#1005,.F.);
#743=ORIENTED_EDGE('',*,*,#1107,.F.);
#744=ORIENTED_EDGE('',*,*,#980,.F.);
#745=ORIENTED_EDGE('',*,*,#1108,.T.);
#746=ORIENTED_EDGE('',*,*,#1007,.F.);
#747=ORIENTED_EDGE('',*,*,#1086,.F.);
#748=ORIENTED_EDGE('',*,*,#982,.F.);
#749=EDGE_CURVE('',#1109,#1110,#1333,.T.);
#750=EDGE_CURVE('',#1109,#1111,#1334,.T.);
#751=EDGE_CURVE('',#1112,#1111,#1335,.T.);
#752=EDGE_CURVE('',#1110,#1112,#1336,.T.);
#753=EDGE_CURVE('',#1113,#1114,#1337,.T.);
#754=EDGE_CURVE('',#1114,#1109,#1338,.T.);
#755=EDGE_CURVE('',#1115,#1110,#1339,.T.);
#756=EDGE_CURVE('',#1116,#1115,#1340,.T.);
#757=EDGE_CURVE('',#1116,#1117,#1341,.T.);
#758=EDGE_CURVE('',#1117,#1118,#1342,.T.);
#759=EDGE_CURVE('',#1118,#1113,#1343,.T.);
#760=EDGE_CURVE('',#1119,#1112,#1344,.T.);
#761=EDGE_CURVE('',#1115,#1119,#1345,.T.);
#762=EDGE_CURVE('',#1120,#1111,#1346,.T.);
#763=EDGE_CURVE('',#1121,#1120,#1347,.T.);
#764=EDGE_CURVE('',#1122,#1121,#1348,.T.);
#765=EDGE_CURVE('',#1122,#1123,#1349,.T.);
#766=EDGE_CURVE('',#1124,#1123,#1350,.T.);
#767=EDGE_CURVE('',#1119,#1124,#1351,.T.);
#768=EDGE_CURVE('',#1125,#1126,#1352,.T.);
#769=EDGE_CURVE('',#1127,#1125,#1353,.T.);
#770=EDGE_CURVE('',#1127,#1128,#1354,.T.);
#771=EDGE_CURVE('',#1128,#1126,#1355,.T.);
#772=EDGE_CURVE('',#1129,#1125,#1356,.T.);
#773=EDGE_CURVE('',#1130,#1129,#1357,.T.);
#774=EDGE_CURVE('',#1130,#1127,#1358,.T.);
#775=EDGE_CURVE('',#1131,#1129,#1359,.T.);
#776=EDGE_CURVE('',#1132,#1131,#1360,.T.);
#777=EDGE_CURVE('',#1132,#1130,#1361,.T.);
#778=EDGE_CURVE('',#1133,#1134,#1362,.T.);
#779=EDGE_CURVE('',#1135,#1133,#1363,.T.);
#780=EDGE_CURVE('',#1135,#1136,#1364,.T.);
#781=EDGE_CURVE('',#1136,#1134,#1365,.T.);
#782=EDGE_CURVE('',#1137,#1133,#1366,.T.);
#783=EDGE_CURVE('',#1138,#1137,#1367,.T.);
#784=EDGE_CURVE('',#1138,#1135,#1368,.T.);
#785=EDGE_CURVE('',#1139,#1137,#1369,.T.);
#786=EDGE_CURVE('',#1140,#1139,#1370,.T.);
#787=EDGE_CURVE('',#1140,#1138,#1371,.T.);
#788=EDGE_CURVE('',#1141,#1142,#1372,.T.);
#789=EDGE_CURVE('',#1143,#1141,#1373,.T.);
#790=EDGE_CURVE('',#1143,#1144,#1374,.T.);
#791=EDGE_CURVE('',#1144,#1142,#1375,.T.);
#792=EDGE_CURVE('',#1145,#1141,#1376,.T.);
#793=EDGE_CURVE('',#1146,#1145,#1377,.T.);
#794=EDGE_CURVE('',#1146,#1143,#1378,.T.);
#795=EDGE_CURVE('',#1147,#1145,#1379,.T.);
#796=EDGE_CURVE('',#1148,#1147,#1380,.T.);
#797=EDGE_CURVE('',#1148,#1146,#1381,.T.);
#798=EDGE_CURVE('',#1149,#1150,#1382,.T.);
#799=EDGE_CURVE('',#1151,#1149,#1383,.T.);
#800=EDGE_CURVE('',#1151,#1152,#1384,.T.);
#801=EDGE_CURVE('',#1152,#1150,#1385,.T.);
#802=EDGE_CURVE('',#1153,#1149,#1386,.T.);
#803=EDGE_CURVE('',#1154,#1153,#1387,.T.);
#804=EDGE_CURVE('',#1154,#1151,#1388,.T.);
#805=EDGE_CURVE('',#1155,#1153,#1389,.T.);
#806=EDGE_CURVE('',#1156,#1155,#1390,.T.);
#807=EDGE_CURVE('',#1156,#1154,#1391,.T.);
#808=EDGE_CURVE('',#1157,#1158,#1392,.T.);
#809=EDGE_CURVE('',#1159,#1157,#1393,.T.);
#810=EDGE_CURVE('',#1159,#1160,#1394,.T.);
#811=EDGE_CURVE('',#1160,#1158,#1395,.T.);
#812=EDGE_CURVE('',#1161,#1157,#1396,.T.);
#813=EDGE_CURVE('',#1162,#1161,#1397,.T.);
#814=EDGE_CURVE('',#1162,#1159,#1398,.T.);
#815=EDGE_CURVE('',#1163,#1161,#1399,.T.);
#816=EDGE_CURVE('',#1164,#1163,#1400,.T.);
#817=EDGE_CURVE('',#1164,#1162,#1401,.T.);
#818=EDGE_CURVE('',#1165,#1166,#1402,.T.);
#819=EDGE_CURVE('',#1167,#1165,#1403,.T.);
#820=EDGE_CURVE('',#1167,#1168,#1404,.T.);
#821=EDGE_CURVE('',#1168,#1166,#1405,.T.);
#822=EDGE_CURVE('',#1169,#1165,#1406,.T.);
#823=EDGE_CURVE('',#1170,#1169,#1407,.T.);
#824=EDGE_CURVE('',#1170,#1167,#1408,.T.);
#825=EDGE_CURVE('',#1171,#1169,#1409,.T.);
#826=EDGE_CURVE('',#1172,#1171,#1410,.T.);
#827=EDGE_CURVE('',#1172,#1170,#1411,.T.);
#828=EDGE_CURVE('',#1126,#1131,#1412,.T.);
#829=EDGE_CURVE('',#1128,#1132,#1413,.T.);
#830=EDGE_CURVE('',#1134,#1139,#1414,.T.);
#831=EDGE_CURVE('',#1136,#1140,#1415,.T.);
#832=EDGE_CURVE('',#1142,#1147,#1416,.T.);
#833=EDGE_CURVE('',#1144,#1148,#1417,.T.);
#834=EDGE_CURVE('',#1150,#1155,#1418,.T.);
#835=EDGE_CURVE('',#1152,#1156,#1419,.T.);
#836=EDGE_CURVE('',#1158,#1163,#1420,.T.);
#837=EDGE_CURVE('',#1160,#1164,#1421,.T.);
#838=EDGE_CURVE('',#1166,#1171,#1422,.T.);
#839=EDGE_CURVE('',#1168,#1172,#1423,.T.);
#840=EDGE_CURVE('',#1123,#1117,#1424,.T.);
#841=EDGE_CURVE('',#1124,#1116,#1425,.T.);
#842=EDGE_CURVE('',#1118,#1122,#1426,.T.);
#843=EDGE_CURVE('',#1114,#1120,#1427,.T.);
#844=EDGE_CURVE('',#1113,#1121,#1428,.T.);
#845=EDGE_CURVE('',#1173,#1174,#1429,.T.);
#846=EDGE_CURVE('',#1173,#1175,#1430,.T.);
#847=EDGE_CURVE('',#1175,#1176,#1431,.T.);
#848=EDGE_CURVE('',#1176,#1174,#1432,.T.);
#849=EDGE_CURVE('',#1177,#1178,#1433,.T.);
#850=EDGE_CURVE('',#1178,#1179,#1434,.T.);
#851=EDGE_CURVE('',#1180,#1179,#1435,.T.);
#852=EDGE_CURVE('',#1180,#1177,#1436,.T.);
#853=EDGE_CURVE('',#1174,#1181,#1437,.T.);
#854=EDGE_CURVE('',#1182,#1181,#1438,.T.);
#855=EDGE_CURVE('',#1182,#1173,#1439,.T.);
#856=EDGE_CURVE('',#1179,#1183,#1440,.T.);
#857=EDGE_CURVE('',#1184,#1183,#1441,.T.);
#858=EDGE_CURVE('',#1184,#1180,#1442,.T.);
#859=EDGE_CURVE('',#1185,#1181,#1443,.T.);
#860=EDGE_CURVE('',#1186,#1185,#1444,.T.);
#861=EDGE_CURVE('',#1186,#1182,#1445,.T.);
#862=EDGE_CURVE('',#1187,#1183,#1446,.T.);
#863=EDGE_CURVE('',#1188,#1187,#1447,.T.);
#864=EDGE_CURVE('',#1188,#1184,#1448,.T.);
#865=EDGE_CURVE('',#1185,#1189,#1449,.T.);
#866=EDGE_CURVE('',#1190,#1189,#1450,.T.);
#867=EDGE_CURVE('',#1190,#1186,#1451,.T.);
#868=EDGE_CURVE('',#1187,#1191,#1452,.T.);
#869=EDGE_CURVE('',#1192,#1191,#1453,.T.);
#870=EDGE_CURVE('',#1192,#1188,#1454,.T.);
#871=EDGE_CURVE('',#1193,#1194,#1455,.T.);
#872=EDGE_CURVE('',#1193,#1190,#1456,.T.);
#873=EDGE_CURVE('',#1189,#1194,#1457,.T.);
#874=EDGE_CURVE('',#1191,#1195,#1458,.T.);
#875=EDGE_CURVE('',#1196,#1195,#1459,.T.);
#876=EDGE_CURVE('',#1196,#1192,#1460,.T.);
#877=EDGE_CURVE('',#1197,#1198,#1461,.T.);
#878=EDGE_CURVE('',#1197,#1199,#1462,.T.);
#879=EDGE_CURVE('',#1199,#1200,#1463,.T.);
#880=EDGE_CURVE('',#1200,#1198,#1464,.T.);
#881=EDGE_CURVE('',#1201,#1202,#1465,.T.);
#882=EDGE_CURVE('',#1202,#1203,#1466,.T.);
#883=EDGE_CURVE('',#1204,#1203,#1467,.T.);
#884=EDGE_CURVE('',#1204,#1201,#1468,.T.);
#885=EDGE_CURVE('',#1198,#1205,#1469,.T.);
#886=EDGE_CURVE('',#1206,#1205,#1470,.T.);
#887=EDGE_CURVE('',#1206,#1197,#1471,.T.);
#888=EDGE_CURVE('',#1203,#1207,#1472,.T.);
#889=EDGE_CURVE('',#1208,#1207,#1473,.T.);
#890=EDGE_CURVE('',#1208,#1204,#1474,.T.);
#891=EDGE_CURVE('',#1209,#1205,#1475,.T.);
#892=EDGE_CURVE('',#1210,#1209,#1476,.T.);
#893=EDGE_CURVE('',#1210,#1206,#1477,.T.);
#894=EDGE_CURVE('',#1211,#1207,#1478,.T.);
#895=EDGE_CURVE('',#1212,#1211,#1479,.T.);
#896=EDGE_CURVE('',#1212,#1208,#1480,.T.);
#897=EDGE_CURVE('',#1209,#1213,#1481,.T.);
#898=EDGE_CURVE('',#1214,#1213,#1482,.T.);
#899=EDGE_CURVE('',#1214,#1210,#1483,.T.);
#900=EDGE_CURVE('',#1211,#1215,#1484,.T.);
#901=EDGE_CURVE('',#1216,#1215,#1485,.T.);
#902=EDGE_CURVE('',#1216,#1212,#1486,.T.);
#903=EDGE_CURVE('',#1217,#1218,#1487,.T.);
#904=EDGE_CURVE('',#1217,#1214,#1488,.T.);
#905=EDGE_CURVE('',#1213,#1218,#1489,.T.);
#906=EDGE_CURVE('',#1215,#1219,#1490,.T.);
#907=EDGE_CURVE('',#1220,#1219,#1491,.T.);
#908=EDGE_CURVE('',#1220,#1216,#1492,.T.);
#909=EDGE_CURVE('',#1221,#1222,#1493,.T.);
#910=EDGE_CURVE('',#1223,#1222,#1494,.T.);
#911=EDGE_CURVE('',#1224,#1223,#1495,.T.);
#912=EDGE_CURVE('',#1224,#1221,#1496,.T.);
#913=EDGE_CURVE('',#1222,#1225,#1497,.T.);
#914=EDGE_CURVE('',#1226,#1225,#1498,.T.);
#915=EDGE_CURVE('',#1223,#1226,#1499,.T.);
#916=EDGE_CURVE('',#1225,#1227,#1500,.T.);
#917=EDGE_CURVE('',#1228,#1227,#1501,.T.);
#918=EDGE_CURVE('',#1226,#1228,#1502,.T.);
#919=EDGE_CURVE('',#1229,#1230,#1503,.T.);
#920=EDGE_CURVE('',#1230,#1231,#1504,.T.);
#921=EDGE_CURVE('',#1232,#1231,#1505,.T.);
#922=EDGE_CURVE('',#1232,#1229,#1506,.T.);
#923=EDGE_CURVE('',#1231,#1233,#1507,.T.);
#924=EDGE_CURVE('',#1234,#1233,#1508,.T.);
#925=EDGE_CURVE('',#1234,#1232,#1509,.T.);
#926=EDGE_CURVE('',#1235,#1233,#1510,.T.);
#927=EDGE_CURVE('',#1236,#1235,#1511,.T.);
#928=EDGE_CURVE('',#1236,#1234,#1512,.T.);
#929=EDGE_CURVE('',#1235,#1237,#1513,.T.);
#930=EDGE_CURVE('',#1238,#1237,#1514,.T.);
#931=EDGE_CURVE('',#1238,#1236,#1515,.T.);
#932=EDGE_CURVE('',#1237,#1239,#1516,.T.);
#933=EDGE_CURVE('',#1240,#1239,#1517,.T.);
#934=EDGE_CURVE('',#1240,#1238,#1518,.T.);
#935=EDGE_CURVE('',#1241,#1242,#1519,.T.);
#936=EDGE_CURVE('',#1242,#1243,#1520,.T.);
#937=EDGE_CURVE('',#1244,#1243,#1521,.T.);
#938=EDGE_CURVE('',#1244,#1241,#1522,.T.);
#939=EDGE_CURVE('',#1243,#1245,#1523,.T.);
#940=EDGE_CURVE('',#1246,#1245,#1524,.T.);
#941=EDGE_CURVE('',#1246,#1244,#1525,.T.);
#942=EDGE_CURVE('',#1247,#1245,#1526,.T.);
#943=EDGE_CURVE('',#1248,#1247,#1527,.T.);
#944=EDGE_CURVE('',#1248,#1246,#1528,.T.);
#945=EDGE_CURVE('',#1247,#1249,#1529,.T.);
#946=EDGE_CURVE('',#1250,#1249,#1530,.T.);
#947=EDGE_CURVE('',#1250,#1248,#1531,.T.);
#948=EDGE_CURVE('',#1249,#1251,#1532,.T.);
#949=EDGE_CURVE('',#1252,#1251,#1533,.T.);
#950=EDGE_CURVE('',#1252,#1250,#1534,.T.);
#951=EDGE_CURVE('',#1195,#1178,#1535,.T.);
#952=EDGE_CURVE('',#1196,#1177,#1536,.T.);
#953=EDGE_CURVE('',#1239,#1230,#1537,.T.);
#954=EDGE_CURVE('',#1240,#1229,#1538,.T.);
#955=EDGE_CURVE('',#1219,#1202,#1539,.T.);
#956=EDGE_CURVE('',#1220,#1201,#1540,.T.);
#957=EDGE_CURVE('',#1251,#1242,#1541,.T.);
#958=EDGE_CURVE('',#1252,#1241,#1542,.T.);
#959=EDGE_CURVE('',#1227,#1176,#1543,.T.);
#960=EDGE_CURVE('',#1193,#1175,#1544,.T.);
#961=EDGE_CURVE('',#1194,#1200,#1545,.T.);
#962=EDGE_CURVE('',#1217,#1199,#1546,.T.);
#963=EDGE_CURVE('',#1218,#1221,#1547,.T.);
#964=EDGE_CURVE('',#1228,#1224,#1548,.T.);
#965=EDGE_CURVE('',#1213,#1198,#1549,.T.);
#966=EDGE_CURVE('',#1189,#1174,#1550,.T.);
#967=EDGE_CURVE('',#1238,#1232,#1551,.T.);
#968=EDGE_CURVE('',#1250,#1244,#1552,.T.);
#969=EDGE_CURVE('',#1249,#1243,#1553,.T.);
#970=EDGE_CURVE('',#1216,#1204,#1554,.T.);
#971=EDGE_CURVE('',#1215,#1203,#1555,.T.);
#972=EDGE_CURVE('',#1214,#1197,#1556,.T.);
#973=EDGE_CURVE('',#1237,#1231,#1557,.T.);
#974=EDGE_CURVE('',#1192,#1180,#1558,.T.);
#975=EDGE_CURVE('',#1190,#1173,#1559,.T.);
#976=EDGE_CURVE('',#1191,#1179,#1560,.T.);
#977=EDGE_CURVE('',#1253,#1254,#1561,.T.);
#978=EDGE_CURVE('',#1253,#1255,#1562,.T.);
#979=EDGE_CURVE('',#1255,#1256,#1563,.T.);
#980=EDGE_CURVE('',#1256,#1254,#1564,.T.);
#981=EDGE_CURVE('',#1257,#1258,#1565,.T.);
#982=EDGE_CURVE('',#1257,#1259,#1566,.T.);
#983=EDGE_CURVE('',#1259,#1260,#1567,.T.);
#984=EDGE_CURVE('',#1260,#1258,#1568,.T.);
#985=EDGE_CURVE('',#1261,#1262,#1569,.T.);
#986=EDGE_CURVE('',#1261,#1253,#1570,.T.);
#987=EDGE_CURVE('',#1254,#1262,#1571,.T.);
#988=EDGE_CURVE('',#1263,#1264,#1572,.T.);
#989=EDGE_CURVE('',#1263,#1257,#1573,.T.);
#990=EDGE_CURVE('',#1258,#1264,#1574,.T.);
#991=EDGE_CURVE('',#1265,#1266,#1575,.T.);
#992=EDGE_CURVE('',#1261,#1265,#1576,.T.);
#993=EDGE_CURVE('',#1262,#1266,#1577,.T.);
#994=EDGE_CURVE('',#1267,#1268,#1578,.T.);
#995=EDGE_CURVE('',#1263,#1267,#1579,.T.);
#996=EDGE_CURVE('',#1264,#1268,#1580,.T.);
#997=EDGE_CURVE('',#1269,#1270,#1581,.T.);
#998=EDGE_CURVE('',#1269,#1265,#1582,.T.);
#999=EDGE_CURVE('',#1266,#1270,#1583,.T.);
#1000=EDGE_CURVE('',#1271,#1272,#1584,.T.);
#1001=EDGE_CURVE('',#1271,#1267,#1585,.T.);
#1002=EDGE_CURVE('',#1268,#1272,#1586,.T.);
#1003=EDGE_CURVE('',#1273,#1274,#1587,.T.);
#1004=EDGE_CURVE('',#1273,#1269,#1588,.T.);
#1005=EDGE_CURVE('',#1270,#1274,#1589,.T.);
#1006=EDGE_CURVE('',#1275,#1276,#1590,.T.);
#1007=EDGE_CURVE('',#1275,#1271,#1591,.T.);
#1008=EDGE_CURVE('',#1272,#1276,#1592,.T.);
#1009=EDGE_CURVE('',#1277,#1278,#1593,.T.);
#1010=EDGE_CURVE('',#1277,#1279,#1594,.T.);
#1011=EDGE_CURVE('',#1279,#1280,#1595,.T.);
#1012=EDGE_CURVE('',#1280,#1278,#1596,.T.);
#1013=EDGE_CURVE('',#1281,#1282,#1597,.T.);
#1014=EDGE_CURVE('',#1281,#1283,#1598,.T.);
#1015=EDGE_CURVE('',#1283,#1284,#1599,.T.);
#1016=EDGE_CURVE('',#1284,#1282,#1600,.T.);
#1017=EDGE_CURVE('',#1285,#1286,#1601,.T.);
#1018=EDGE_CURVE('',#1285,#1277,#1602,.T.);
#1019=EDGE_CURVE('',#1278,#1286,#1603,.T.);
#1020=EDGE_CURVE('',#1287,#1288,#1604,.T.);
#1021=EDGE_CURVE('',#1287,#1281,#1605,.T.);
#1022=EDGE_CURVE('',#1282,#1288,#1606,.T.);
#1023=EDGE_CURVE('',#1289,#1290,#1607,.T.);
#1024=EDGE_CURVE('',#1285,#1289,#1608,.T.);
#1025=EDGE_CURVE('',#1286,#1290,#1609,.T.);
#1026=EDGE_CURVE('',#1291,#1292,#1610,.T.);
#1027=EDGE_CURVE('',#1287,#1291,#1611,.T.);
#1028=EDGE_CURVE('',#1288,#1292,#1612,.T.);
#1029=EDGE_CURVE('',#1293,#1294,#1613,.T.);
#1030=EDGE_CURVE('',#1293,#1289,#1614,.T.);
#1031=EDGE_CURVE('',#1290,#1294,#1615,.T.);
#1032=EDGE_CURVE('',#1295,#1296,#1616,.T.);
#1033=EDGE_CURVE('',#1295,#1291,#1617,.T.);
#1034=EDGE_CURVE('',#1292,#1296,#1618,.T.);
#1035=EDGE_CURVE('',#1297,#1298,#1619,.T.);
#1036=EDGE_CURVE('',#1297,#1293,#1620,.T.);
#1037=EDGE_CURVE('',#1294,#1298,#1621,.T.);
#1038=EDGE_CURVE('',#1299,#1300,#1622,.T.);
#1039=EDGE_CURVE('',#1299,#1295,#1623,.T.);
#1040=EDGE_CURVE('',#1296,#1300,#1624,.T.);
#1041=EDGE_CURVE('',#1301,#1302,#1625,.T.);
#1042=EDGE_CURVE('',#1303,#1302,#1626,.T.);
#1043=EDGE_CURVE('',#1304,#1303,#1627,.T.);
#1044=EDGE_CURVE('',#1304,#1301,#1628,.T.);
#1045=EDGE_CURVE('',#1305,#1306,#1629,.T.);
#1046=EDGE_CURVE('',#1305,#1307,#1630,.T.);
#1047=EDGE_CURVE('',#1307,#1308,#1631,.T.);
#1048=EDGE_CURVE('',#1308,#1306,#1632,.T.);
#1049=EDGE_CURVE('',#1309,#1310,#1633,.T.);
#1050=EDGE_CURVE('',#1309,#1305,#1634,.T.);
#1051=EDGE_CURVE('',#1306,#1310,#1635,.T.);
#1052=EDGE_CURVE('',#1311,#1312,#1636,.T.);
#1053=EDGE_CURVE('',#1309,#1311,#1637,.T.);
#1054=EDGE_CURVE('',#1310,#1312,#1638,.T.);
#1055=EDGE_CURVE('',#1313,#1314,#1639,.T.);
#1056=EDGE_CURVE('',#1313,#1311,#1640,.T.);
#1057=EDGE_CURVE('',#1312,#1314,#1641,.T.);
#1058=EDGE_CURVE('',#1315,#1316,#1642,.T.);
#1059=EDGE_CURVE('',#1315,#1313,#1643,.T.);
#1060=EDGE_CURVE('',#1314,#1316,#1644,.T.);
#1061=EDGE_CURVE('',#1317,#1318,#1645,.T.);
#1062=EDGE_CURVE('',#1317,#1319,#1646,.T.);
#1063=EDGE_CURVE('',#1319,#1320,#1647,.T.);
#1064=EDGE_CURVE('',#1320,#1318,#1648,.T.);
#1065=EDGE_CURVE('',#1321,#1322,#1649,.T.);
#1066=EDGE_CURVE('',#1321,#1317,#1650,.T.);
#1067=EDGE_CURVE('',#1318,#1322,#1651,.T.);
#1068=EDGE_CURVE('',#1323,#1324,#1652,.T.);
#1069=EDGE_CURVE('',#1321,#1323,#1653,.T.);
#1070=EDGE_CURVE('',#1322,#1324,#1654,.T.);
#1071=EDGE_CURVE('',#1325,#1326,#1655,.T.);
#1072=EDGE_CURVE('',#1325,#1323,#1656,.T.);
#1073=EDGE_CURVE('',#1324,#1326,#1657,.T.);
#1074=EDGE_CURVE('',#1327,#1328,#1658,.T.);
#1075=EDGE_CURVE('',#1327,#1325,#1659,.T.);
#1076=EDGE_CURVE('',#1326,#1328,#1660,.T.);
#1077=EDGE_CURVE('',#1302,#1308,#1661,.T.);
#1078=EDGE_CURVE('',#1307,#1315,#1662,.T.);
#1079=EDGE_CURVE('',#1316,#1320,#1663,.T.);
#1080=EDGE_CURVE('',#1319,#1327,#1664,.T.);
#1081=EDGE_CURVE('',#1328,#1329,#1665,.T.);
#1082=EDGE_CURVE('',#1330,#1329,#1666,.T.);
#1083=EDGE_CURVE('',#1303,#1330,#1667,.T.);
#1084=EDGE_CURVE('',#1255,#1273,#1668,.T.);
#1085=EDGE_CURVE('',#1256,#1274,#1669,.T.);
#1086=EDGE_CURVE('',#1259,#1275,#1670,.T.);
#1087=EDGE_CURVE('',#1260,#1276,#1671,.T.);
#1088=EDGE_CURVE('',#1279,#1297,#1672,.T.);
#1089=EDGE_CURVE('',#1280,#1298,#1673,.T.);
#1090=EDGE_CURVE('',#1283,#1299,#1674,.T.);
#1091=EDGE_CURVE('',#1284,#1300,#1675,.T.);
#1092=EDGE_CURVE('',#1329,#1331,#1676,.T.);
#1093=EDGE_CURVE('',#1332,#1331,#1677,.T.);
#1094=EDGE_CURVE('',#1330,#1332,#1678,.T.);
#1095=EDGE_CURVE('',#1331,#1301,#1679,.T.);
#1096=EDGE_CURVE('',#1332,#1304,#1680,.T.);
#1097=EDGE_CURVE('',#1326,#1318,#1681,.T.);
#1098=EDGE_CURVE('',#1314,#1306,#1682,.T.);
#1099=EDGE_CURVE('',#1253,#1269,#1683,.T.);
#1100=EDGE_CURVE('',#1277,#1293,#1684,.T.);
#1101=EDGE_CURVE('',#1317,#1325,#1685,.T.);
#1102=EDGE_CURVE('',#1282,#1296,#1686,.T.);
#1103=EDGE_CURVE('',#1281,#1295,#1687,.T.);
#1104=EDGE_CURVE('',#1278,#1294,#1688,.T.);
#1105=EDGE_CURVE('',#1305,#1313,#1689,.T.);
#1106=EDGE_CURVE('',#1258,#1272,#1690,.T.);
#1107=EDGE_CURVE('',#1254,#1270,#1691,.T.);
#1108=EDGE_CURVE('',#1257,#1271,#1692,.T.);
#1109=VERTEX_POINT('',#3555);
#1110=VERTEX_POINT('',#3556);
#1111=VERTEX_POINT('',#3558);
#1112=VERTEX_POINT('',#3560);
#1113=VERTEX_POINT('',#3564);
#1114=VERTEX_POINT('',#3565);
#1115=VERTEX_POINT('',#3568);
#1116=VERTEX_POINT('',#3570);
#1117=VERTEX_POINT('',#3572);
#1118=VERTEX_POINT('',#3574);
#1119=VERTEX_POINT('',#3578);
#1120=VERTEX_POINT('',#3582);
#1121=VERTEX_POINT('',#3584);
#1122=VERTEX_POINT('',#3586);
#1123=VERTEX_POINT('',#3588);
#1124=VERTEX_POINT('',#3590);
#1125=VERTEX_POINT('',#3594);
#1126=VERTEX_POINT('',#3595);
#1127=VERTEX_POINT('',#3597);
#1128=VERTEX_POINT('',#3599);
#1129=VERTEX_POINT('',#3603);
#1130=VERTEX_POINT('',#3605);
#1131=VERTEX_POINT('',#3609);
#1132=VERTEX_POINT('',#3611);
#1133=VERTEX_POINT('',#3615);
#1134=VERTEX_POINT('',#3616);
#1135=VERTEX_POINT('',#3618);
#1136=VERTEX_POINT('',#3620);
#1137=VERTEX_POINT('',#3624);
#1138=VERTEX_POINT('',#3626);
#1139=VERTEX_POINT('',#3630);
#1140=VERTEX_POINT('',#3632);
#1141=VERTEX_POINT('',#3636);
#1142=VERTEX_POINT('',#3637);
#1143=VERTEX_POINT('',#3639);
#1144=VERTEX_POINT('',#3641);
#1145=VERTEX_POINT('',#3645);
#1146=VERTEX_POINT('',#3647);
#1147=VERTEX_POINT('',#3651);
#1148=VERTEX_POINT('',#3653);
#1149=VERTEX_POINT('',#3657);
#1150=VERTEX_POINT('',#3658);
#1151=VERTEX_POINT('',#3660);
#1152=VERTEX_POINT('',#3662);
#1153=VERTEX_POINT('',#3666);
#1154=VERTEX_POINT('',#3668);
#1155=VERTEX_POINT('',#3672);
#1156=VERTEX_POINT('',#3674);
#1157=VERTEX_POINT('',#3678);
#1158=VERTEX_POINT('',#3679);
#1159=VERTEX_POINT('',#3681);
#1160=VERTEX_POINT('',#3683);
#1161=VERTEX_POINT('',#3687);
#1162=VERTEX_POINT('',#3689);
#1163=VERTEX_POINT('',#3693);
#1164=VERTEX_POINT('',#3695);
#1165=VERTEX_POINT('',#3699);
#1166=VERTEX_POINT('',#3700);
#1167=VERTEX_POINT('',#3702);
#1168=VERTEX_POINT('',#3704);
#1169=VERTEX_POINT('',#3708);
#1170=VERTEX_POINT('',#3710);
#1171=VERTEX_POINT('',#3714);
#1172=VERTEX_POINT('',#3716);
#1173=VERTEX_POINT('',#3750);
#1174=VERTEX_POINT('',#3751);
#1175=VERTEX_POINT('',#3753);
#1176=VERTEX_POINT('',#3755);
#1177=VERTEX_POINT('',#3759);
#1178=VERTEX_POINT('',#3760);
#1179=VERTEX_POINT('',#3762);
#1180=VERTEX_POINT('',#3764);
#1181=VERTEX_POINT('',#3768);
#1182=VERTEX_POINT('',#3770);
#1183=VERTEX_POINT('',#3774);
#1184=VERTEX_POINT('',#3776);
#1185=VERTEX_POINT('',#3780);
#1186=VERTEX_POINT('',#3782);
#1187=VERTEX_POINT('',#3786);
#1188=VERTEX_POINT('',#3788);
#1189=VERTEX_POINT('',#3792);
#1190=VERTEX_POINT('',#3794);
#1191=VERTEX_POINT('',#3798);
#1192=VERTEX_POINT('',#3800);
#1193=VERTEX_POINT('',#3804);
#1194=VERTEX_POINT('',#3805);
#1195=VERTEX_POINT('',#3810);
#1196=VERTEX_POINT('',#3812);
#1197=VERTEX_POINT('',#3816);
#1198=VERTEX_POINT('',#3817);
#1199=VERTEX_POINT('',#3819);
#1200=VERTEX_POINT('',#3821);
#1201=VERTEX_POINT('',#3825);
#1202=VERTEX_POINT('',#3826);
#1203=VERTEX_POINT('',#3828);
#1204=VERTEX_POINT('',#3830);
#1205=VERTEX_POINT('',#3834);
#1206=VERTEX_POINT('',#3836);
#1207=VERTEX_POINT('',#3840);
#1208=VERTEX_POINT('',#3842);
#1209=VERTEX_POINT('',#3846);
#1210=VERTEX_POINT('',#3848);
#1211=VERTEX_POINT('',#3852);
#1212=VERTEX_POINT('',#3854);
#1213=VERTEX_POINT('',#3858);
#1214=VERTEX_POINT('',#3860);
#1215=VERTEX_POINT('',#3864);
#1216=VERTEX_POINT('',#3866);
#1217=VERTEX_POINT('',#3870);
#1218=VERTEX_POINT('',#3871);
#1219=VERTEX_POINT('',#3876);
#1220=VERTEX_POINT('',#3878);
#1221=VERTEX_POINT('',#3882);
#1222=VERTEX_POINT('',#3883);
#1223=VERTEX_POINT('',#3885);
#1224=VERTEX_POINT('',#3887);
#1225=VERTEX_POINT('',#3891);
#1226=VERTEX_POINT('',#3893);
#1227=VERTEX_POINT('',#3897);
#1228=VERTEX_POINT('',#3899);
#1229=VERTEX_POINT('',#3903);
#1230=VERTEX_POINT('',#3904);
#1231=VERTEX_POINT('',#3906);
#1232=VERTEX_POINT('',#3908);
#1233=VERTEX_POINT('',#3912);
#1234=VERTEX_POINT('',#3914);
#1235=VERTEX_POINT('',#3918);
#1236=VERTEX_POINT('',#3920);
#1237=VERTEX_POINT('',#3924);
#1238=VERTEX_POINT('',#3926);
#1239=VERTEX_POINT('',#3930);
#1240=VERTEX_POINT('',#3932);
#1241=VERTEX_POINT('',#3936);
#1242=VERTEX_POINT('',#3937);
#1243=VERTEX_POINT('',#3939);
#1244=VERTEX_POINT('',#3941);
#1245=VERTEX_POINT('',#3945);
#1246=VERTEX_POINT('',#3947);
#1247=VERTEX_POINT('',#3951);
#1248=VERTEX_POINT('',#3953);
#1249=VERTEX_POINT('',#3957);
#1250=VERTEX_POINT('',#3959);
#1251=VERTEX_POINT('',#3963);
#1252=VERTEX_POINT('',#3965);
#1253=VERTEX_POINT('',#4021);
#1254=VERTEX_POINT('',#4022);
#1255=VERTEX_POINT('',#4024);
#1256=VERTEX_POINT('',#4026);
#1257=VERTEX_POINT('',#4030);
#1258=VERTEX_POINT('',#4031);
#1259=VERTEX_POINT('',#4033);
#1260=VERTEX_POINT('',#4035);
#1261=VERTEX_POINT('',#4039);
#1262=VERTEX_POINT('',#4040);
#1263=VERTEX_POINT('',#4045);
#1264=VERTEX_POINT('',#4046);
#1265=VERTEX_POINT('',#4051);
#1266=VERTEX_POINT('',#4052);
#1267=VERTEX_POINT('',#4057);
#1268=VERTEX_POINT('',#4058);
#1269=VERTEX_POINT('',#4063);
#1270=VERTEX_POINT('',#4064);
#1271=VERTEX_POINT('',#4069);
#1272=VERTEX_POINT('',#4070);
#1273=VERTEX_POINT('',#4075);
#1274=VERTEX_POINT('',#4076);
#1275=VERTEX_POINT('',#4081);
#1276=VERTEX_POINT('',#4082);
#1277=VERTEX_POINT('',#4087);
#1278=VERTEX_POINT('',#4088);
#1279=VERTEX_POINT('',#4090);
#1280=VERTEX_POINT('',#4092);
#1281=VERTEX_POINT('',#4096);
#1282=VERTEX_POINT('',#4097);
#1283=VERTEX_POINT('',#4099);
#1284=VERTEX_POINT('',#4101);
#1285=VERTEX_POINT('',#4105);
#1286=VERTEX_POINT('',#4106);
#1287=VERTEX_POINT('',#4111);
#1288=VERTEX_POINT('',#4112);
#1289=VERTEX_POINT('',#4117);
#1290=VERTEX_POINT('',#4118);
#1291=VERTEX_POINT('',#4123);
#1292=VERTEX_POINT('',#4124);
#1293=VERTEX_POINT('',#4129);
#1294=VERTEX_POINT('',#4130);
#1295=VERTEX_POINT('',#4135);
#1296=VERTEX_POINT('',#4136);
#1297=VERTEX_POINT('',#4141);
#1298=VERTEX_POINT('',#4142);
#1299=VERTEX_POINT('',#4147);
#1300=VERTEX_POINT('',#4148);
#1301=VERTEX_POINT('',#4153);
#1302=VERTEX_POINT('',#4154);
#1303=VERTEX_POINT('',#4156);
#1304=VERTEX_POINT('',#4158);
#1305=VERTEX_POINT('',#4162);
#1306=VERTEX_POINT('',#4163);
#1307=VERTEX_POINT('',#4165);
#1308=VERTEX_POINT('',#4167);
#1309=VERTEX_POINT('',#4171);
#1310=VERTEX_POINT('',#4172);
#1311=VERTEX_POINT('',#4177);
#1312=VERTEX_POINT('',#4178);
#1313=VERTEX_POINT('',#4183);
#1314=VERTEX_POINT('',#4184);
#1315=VERTEX_POINT('',#4189);
#1316=VERTEX_POINT('',#4190);
#1317=VERTEX_POINT('',#4195);
#1318=VERTEX_POINT('',#4196);
#1319=VERTEX_POINT('',#4198);
#1320=VERTEX_POINT('',#4200);
#1321=VERTEX_POINT('',#4204);
#1322=VERTEX_POINT('',#4205);
#1323=VERTEX_POINT('',#4210);
#1324=VERTEX_POINT('',#4211);
#1325=VERTEX_POINT('',#4216);
#1326=VERTEX_POINT('',#4217);
#1327=VERTEX_POINT('',#4222);
#1328=VERTEX_POINT('',#4223);
#1329=VERTEX_POINT('',#4232);
#1330=VERTEX_POINT('',#4234);
#1331=VERTEX_POINT('',#4246);
#1332=VERTEX_POINT('',#4248);
#1333=LINE('',#3554,#1693);
#1334=LINE('',#3557,#1694);
#1335=LINE('',#3559,#1695);
#1336=LINE('',#3561,#1696);
#1337=LINE('',#3563,#1697);
#1338=LINE('',#3566,#1698);
#1339=LINE('',#3567,#1699);
#1340=LINE('',#3569,#1700);
#1341=LINE('',#3571,#1701);
#1342=LINE('',#3573,#1702);
#1343=LINE('',#3575,#1703);
#1344=LINE('',#3577,#1704);
#1345=LINE('',#3579,#1705);
#1346=LINE('',#3581,#1706);
#1347=LINE('',#3583,#1707);
#1348=LINE('',#3585,#1708);
#1349=LINE('',#3587,#1709);
#1350=LINE('',#3589,#1710);
#1351=LINE('',#3591,#1711);
#1352=LINE('',#3593,#1712);
#1353=LINE('',#3596,#1713);
#1354=LINE('',#3598,#1714);
#1355=LINE('',#3600,#1715);
#1356=LINE('',#3602,#1716);
#1357=LINE('',#3604,#1717);
#1358=LINE('',#3606,#1718);
#1359=LINE('',#3608,#1719);
#1360=LINE('',#3610,#1720);
#1361=LINE('',#3612,#1721);
#1362=LINE('',#3614,#1722);
#1363=LINE('',#3617,#1723);
#1364=LINE('',#3619,#1724);
#1365=LINE('',#3621,#1725);
#1366=LINE('',#3623,#1726);
#1367=LINE('',#3625,#1727);
#1368=LINE('',#3627,#1728);
#1369=LINE('',#3629,#1729);
#1370=LINE('',#3631,#1730);
#1371=LINE('',#3633,#1731);
#1372=LINE('',#3635,#1732);
#1373=LINE('',#3638,#1733);
#1374=LINE('',#3640,#1734);
#1375=LINE('',#3642,#1735);
#1376=LINE('',#3644,#1736);
#1377=LINE('',#3646,#1737);
#1378=LINE('',#3648,#1738);
#1379=LINE('',#3650,#1739);
#1380=LINE('',#3652,#1740);
#1381=LINE('',#3654,#1741);
#1382=LINE('',#3656,#1742);
#1383=LINE('',#3659,#1743);
#1384=LINE('',#3661,#1744);
#1385=LINE('',#3663,#1745);
#1386=LINE('',#3665,#1746);
#1387=LINE('',#3667,#1747);
#1388=LINE('',#3669,#1748);
#1389=LINE('',#3671,#1749);
#1390=LINE('',#3673,#1750);
#1391=LINE('',#3675,#1751);
#1392=LINE('',#3677,#1752);
#1393=LINE('',#3680,#1753);
#1394=LINE('',#3682,#1754);
#1395=LINE('',#3684,#1755);
#1396=LINE('',#3686,#1756);
#1397=LINE('',#3688,#1757);
#1398=LINE('',#3690,#1758);
#1399=LINE('',#3692,#1759);
#1400=LINE('',#3694,#1760);
#1401=LINE('',#3696,#1761);
#1402=LINE('',#3698,#1762);
#1403=LINE('',#3701,#1763);
#1404=LINE('',#3703,#1764);
#1405=LINE('',#3705,#1765);
#1406=LINE('',#3707,#1766);
#1407=LINE('',#3709,#1767);
#1408=LINE('',#3711,#1768);
#1409=LINE('',#3713,#1769);
#1410=LINE('',#3715,#1770);
#1411=LINE('',#3717,#1771);
#1412=LINE('',#3719,#1772);
#1413=LINE('',#3720,#1773);
#1414=LINE('',#3722,#1774);
#1415=LINE('',#3723,#1775);
#1416=LINE('',#3725,#1776);
#1417=LINE('',#3726,#1777);
#1418=LINE('',#3728,#1778);
#1419=LINE('',#3729,#1779);
#1420=LINE('',#3731,#1780);
#1421=LINE('',#3732,#1781);
#1422=LINE('',#3734,#1782);
#1423=LINE('',#3735,#1783);
#1424=LINE('',#3737,#1784);
#1425=LINE('',#3738,#1785);
#1426=LINE('',#3741,#1786);
#1427=LINE('',#3743,#1787);
#1428=LINE('',#3744,#1788);
#1429=LINE('',#3749,#1789);
#1430=LINE('',#3752,#1790);
#1431=LINE('',#3754,#1791);
#1432=LINE('',#3756,#1792);
#1433=LINE('',#3758,#1793);
#1434=LINE('',#3761,#1794);
#1435=LINE('',#3763,#1795);
#1436=LINE('',#3765,#1796);
#1437=LINE('',#3767,#1797);
#1438=LINE('',#3769,#1798);
#1439=LINE('',#3771,#1799);
#1440=LINE('',#3773,#1800);
#1441=LINE('',#3775,#1801);
#1442=LINE('',#3777,#1802);
#1443=LINE('',#3779,#1803);
#1444=LINE('',#3781,#1804);
#1445=LINE('',#3783,#1805);
#1446=LINE('',#3785,#1806);
#1447=LINE('',#3787,#1807);
#1448=LINE('',#3789,#1808);
#1449=LINE('',#3791,#1809);
#1450=LINE('',#3793,#1810);
#1451=LINE('',#3795,#1811);
#1452=LINE('',#3797,#1812);
#1453=LINE('',#3799,#1813);
#1454=LINE('',#3801,#1814);
#1455=LINE('',#3803,#1815);
#1456=LINE('',#3806,#1816);
#1457=LINE('',#3807,#1817);
#1458=LINE('',#3809,#1818);
#1459=LINE('',#3811,#1819);
#1460=LINE('',#3813,#1820);
#1461=LINE('',#3815,#1821);
#1462=LINE('',#3818,#1822);
#1463=LINE('',#3820,#1823);
#1464=LINE('',#3822,#1824);
#1465=LINE('',#3824,#1825);
#1466=LINE('',#3827,#1826);
#1467=LINE('',#3829,#1827);
#1468=LINE('',#3831,#1828);
#1469=LINE('',#3833,#1829);
#1470=LINE('',#3835,#1830);
#1471=LINE('',#3837,#1831);
#1472=LINE('',#3839,#1832);
#1473=LINE('',#3841,#1833);
#1474=LINE('',#3843,#1834);
#1475=LINE('',#3845,#1835);
#1476=LINE('',#3847,#1836);
#1477=LINE('',#3849,#1837);
#1478=LINE('',#3851,#1838);
#1479=LINE('',#3853,#1839);
#1480=LINE('',#3855,#1840);
#1481=LINE('',#3857,#1841);
#1482=LINE('',#3859,#1842);
#1483=LINE('',#3861,#1843);
#1484=LINE('',#3863,#1844);
#1485=LINE('',#3865,#1845);
#1486=LINE('',#3867,#1846);
#1487=LINE('',#3869,#1847);
#1488=LINE('',#3872,#1848);
#1489=LINE('',#3873,#1849);
#1490=LINE('',#3875,#1850);
#1491=LINE('',#3877,#1851);
#1492=LINE('',#3879,#1852);
#1493=LINE('',#3881,#1853);
#1494=LINE('',#3884,#1854);
#1495=LINE('',#3886,#1855);
#1496=LINE('',#3888,#1856);
#1497=LINE('',#3890,#1857);
#1498=LINE('',#3892,#1858);
#1499=LINE('',#3894,#1859);
#1500=LINE('',#3896,#1860);
#1501=LINE('',#3898,#1861);
#1502=LINE('',#3900,#1862);
#1503=LINE('',#3902,#1863);
#1504=LINE('',#3905,#1864);
#1505=LINE('',#3907,#1865);
#1506=LINE('',#3909,#1866);
#1507=LINE('',#3911,#1867);
#1508=LINE('',#3913,#1868);
#1509=LINE('',#3915,#1869);
#1510=LINE('',#3917,#1870);
#1511=LINE('',#3919,#1871);
#1512=LINE('',#3921,#1872);
#1513=LINE('',#3923,#1873);
#1514=LINE('',#3925,#1874);
#1515=LINE('',#3927,#1875);
#1516=LINE('',#3929,#1876);
#1517=LINE('',#3931,#1877);
#1518=LINE('',#3933,#1878);
#1519=LINE('',#3935,#1879);
#1520=LINE('',#3938,#1880);
#1521=LINE('',#3940,#1881);
#1522=LINE('',#3942,#1882);
#1523=LINE('',#3944,#1883);
#1524=LINE('',#3946,#1884);
#1525=LINE('',#3948,#1885);
#1526=LINE('',#3950,#1886);
#1527=LINE('',#3952,#1887);
#1528=LINE('',#3954,#1888);
#1529=LINE('',#3956,#1889);
#1530=LINE('',#3958,#1890);
#1531=LINE('',#3960,#1891);
#1532=LINE('',#3962,#1892);
#1533=LINE('',#3964,#1893);
#1534=LINE('',#3966,#1894);
#1535=LINE('',#3968,#1895);
#1536=LINE('',#3969,#1896);
#1537=LINE('',#3970,#1897);
#1538=LINE('',#3971,#1898);
#1539=LINE('',#3972,#1899);
#1540=LINE('',#3973,#1900);
#1541=LINE('',#3974,#1901);
#1542=LINE('',#3975,#1902);
#1543=LINE('',#3976,#1903);
#1544=LINE('',#3977,#1904);
#1545=LINE('',#3978,#1905);
#1546=LINE('',#3979,#1906);
#1547=LINE('',#3980,#1907);
#1548=LINE('',#3981,#1908);
#1549=LINE('',#3984,#1909);
#1550=LINE('',#3985,#1910);
#1551=LINE('',#3989,#1911);
#1552=LINE('',#3992,#1912);
#1553=LINE('',#3995,#1913);
#1554=LINE('',#3997,#1914);
#1555=LINE('',#4001,#1915);
#1556=LINE('',#4003,#1916);
#1557=LINE('',#4007,#1917);
#1558=LINE('',#4009,#1918);
#1559=LINE('',#4013,#1919);
#1560=LINE('',#4015,#1920);
#1561=LINE('',#4020,#1921);
#1562=LINE('',#4023,#1922);
#1563=LINE('',#4025,#1923);
#1564=LINE('',#4027,#1924);
#1565=LINE('',#4029,#1925);
#1566=LINE('',#4032,#1926);
#1567=LINE('',#4034,#1927);
#1568=LINE('',#4036,#1928);
#1569=LINE('',#4038,#1929);
#1570=LINE('',#4041,#1930);
#1571=LINE('',#4042,#1931);
#1572=LINE('',#4044,#1932);
#1573=LINE('',#4047,#1933);
#1574=LINE('',#4048,#1934);
#1575=LINE('',#4050,#1935);
#1576=LINE('',#4053,#1936);
#1577=LINE('',#4054,#1937);
#1578=LINE('',#4056,#1938);
#1579=LINE('',#4059,#1939);
#1580=LINE('',#4060,#1940);
#1581=LINE('',#4062,#1941);
#1582=LINE('',#4065,#1942);
#1583=LINE('',#4066,#1943);
#1584=LINE('',#4068,#1944);
#1585=LINE('',#4071,#1945);
#1586=LINE('',#4072,#1946);
#1587=LINE('',#4074,#1947);
#1588=LINE('',#4077,#1948);
#1589=LINE('',#4078,#1949);
#1590=LINE('',#4080,#1950);
#1591=LINE('',#4083,#1951);
#1592=LINE('',#4084,#1952);
#1593=LINE('',#4086,#1953);
#1594=LINE('',#4089,#1954);
#1595=LINE('',#4091,#1955);
#1596=LINE('',#4093,#1956);
#1597=LINE('',#4095,#1957);
#1598=LINE('',#4098,#1958);
#1599=LINE('',#4100,#1959);
#1600=LINE('',#4102,#1960);
#1601=LINE('',#4104,#1961);
#1602=LINE('',#4107,#1962);
#1603=LINE('',#4108,#1963);
#1604=LINE('',#4110,#1964);
#1605=LINE('',#4113,#1965);
#1606=LINE('',#4114,#1966);
#1607=LINE('',#4116,#1967);
#1608=LINE('',#4119,#1968);
#1609=LINE('',#4120,#1969);
#1610=LINE('',#4122,#1970);
#1611=LINE('',#4125,#1971);
#1612=LINE('',#4126,#1972);
#1613=LINE('',#4128,#1973);
#1614=LINE('',#4131,#1974);
#1615=LINE('',#4132,#1975);
#1616=LINE('',#4134,#1976);
#1617=LINE('',#4137,#1977);
#1618=LINE('',#4138,#1978);
#1619=LINE('',#4140,#1979);
#1620=LINE('',#4143,#1980);
#1621=LINE('',#4144,#1981);
#1622=LINE('',#4146,#1982);
#1623=LINE('',#4149,#1983);
#1624=LINE('',#4150,#1984);
#1625=LINE('',#4152,#1985);
#1626=LINE('',#4155,#1986);
#1627=LINE('',#4157,#1987);
#1628=LINE('',#4159,#1988);
#1629=LINE('',#4161,#1989);
#1630=LINE('',#4164,#1990);
#1631=LINE('',#4166,#1991);
#1632=LINE('',#4168,#1992);
#1633=LINE('',#4170,#1993);
#1634=LINE('',#4173,#1994);
#1635=LINE('',#4174,#1995);
#1636=LINE('',#4176,#1996);
#1637=LINE('',#4179,#1997);
#1638=LINE('',#4180,#1998);
#1639=LINE('',#4182,#1999);
#1640=LINE('',#4185,#2000);
#1641=LINE('',#4186,#2001);
#1642=LINE('',#4188,#2002);
#1643=LINE('',#4191,#2003);
#1644=LINE('',#4192,#2004);
#1645=LINE('',#4194,#2005);
#1646=LINE('',#4197,#2006);
#1647=LINE('',#4199,#2007);
#1648=LINE('',#4201,#2008);
#1649=LINE('',#4203,#2009);
#1650=LINE('',#4206,#2010);
#1651=LINE('',#4207,#2011);
#1652=LINE('',#4209,#2012);
#1653=LINE('',#4212,#2013);
#1654=LINE('',#4213,#2014);
#1655=LINE('',#4215,#2015);
#1656=LINE('',#4218,#2016);
#1657=LINE('',#4219,#2017);
#1658=LINE('',#4221,#2018);
#1659=LINE('',#4224,#2019);
#1660=LINE('',#4225,#2020);
#1661=LINE('',#4227,#2021);
#1662=LINE('',#4228,#2022);
#1663=LINE('',#4229,#2023);
#1664=LINE('',#4230,#2024);
#1665=LINE('',#4231,#2025);
#1666=LINE('',#4233,#2026);
#1667=LINE('',#4235,#2027);
#1668=LINE('',#4236,#2028);
#1669=LINE('',#4237,#2029);
#1670=LINE('',#4238,#2030);
#1671=LINE('',#4239,#2031);
#1672=LINE('',#4240,#2032);
#1673=LINE('',#4241,#2033);
#1674=LINE('',#4242,#2034);
#1675=LINE('',#4243,#2035);
#1676=LINE('',#4245,#2036);
#1677=LINE('',#4247,#2037);
#1678=LINE('',#4249,#2038);
#1679=LINE('',#4251,#2039);
#1680=LINE('',#4252,#2040);
#1681=LINE('',#4255,#2041);
#1682=LINE('',#4256,#2042);
#1683=LINE('',#4260,#2043);
#1684=LINE('',#4263,#2044);
#1685=LINE('',#4266,#2045);
#1686=LINE('',#4268,#2046);
#1687=LINE('',#4272,#2047);
#1688=LINE('',#4274,#2048);
#1689=LINE('',#4278,#2049);
#1690=LINE('',#4280,#2050);
#1691=LINE('',#4284,#2051);
#1692=LINE('',#4286,#2052);
#1693=VECTOR('',#2888,39.3700787401575);
#1694=VECTOR('',#2889,39.3700787401575);
#1695=VECTOR('',#2890,39.3700787401575);
#1696=VECTOR('',#2891,39.3700787401575);
#1697=VECTOR('',#2894,39.3700787401575);
#1698=VECTOR('',#2895,39.3700787401575);
#1699=VECTOR('',#2896,39.3700787401575);
#1700=VECTOR('',#2897,39.3700787401575);
#1701=VECTOR('',#2898,39.3700787401575);
#1702=VECTOR('',#2899,39.3700787401575);
#1703=VECTOR('',#2900,39.3700787401575);
#1704=VECTOR('',#2903,39.3700787401575);
#1705=VECTOR('',#2904,39.3700787401575);
#1706=VECTOR('',#2907,39.3700787401575);
#1707=VECTOR('',#2908,39.3700787401575);
#1708=VECTOR('',#2909,39.3700787401575);
#1709=VECTOR('',#2910,39.3700787401575);
#1710=VECTOR('',#2911,39.3700787401575);
#1711=VECTOR('',#2912,39.3700787401575);
#1712=VECTOR('',#2915,39.3700787401575);
#1713=VECTOR('',#2916,39.3700787401575);
#1714=VECTOR('',#2917,39.3700787401575);
#1715=VECTOR('',#2918,39.3700787401575);
#1716=VECTOR('',#2921,39.3700787401575);
#1717=VECTOR('',#2922,39.3700787401575);
#1718=VECTOR('',#2923,39.3700787401575);
#1719=VECTOR('',#2926,39.3700787401575);
#1720=VECTOR('',#2927,39.3700787401575);
#1721=VECTOR('',#2928,39.3700787401575);
#1722=VECTOR('',#2931,39.3700787401575);
#1723=VECTOR('',#2932,39.3700787401575);
#1724=VECTOR('',#2933,39.3700787401575);
#1725=VECTOR('',#2934,39.3700787401575);
#1726=VECTOR('',#2937,39.3700787401575);
#1727=VECTOR('',#2938,39.3700787401575);
#1728=VECTOR('',#2939,39.3700787401575);
#1729=VECTOR('',#2942,39.3700787401575);
#1730=VECTOR('',#2943,39.3700787401575);
#1731=VECTOR('',#2944,39.3700787401575);
#1732=VECTOR('',#2947,39.3700787401575);
#1733=VECTOR('',#2948,39.3700787401575);
#1734=VECTOR('',#2949,39.3700787401575);
#1735=VECTOR('',#2950,39.3700787401575);
#1736=VECTOR('',#2953,39.3700787401575);
#1737=VECTOR('',#2954,39.3700787401575);
#1738=VECTOR('',#2955,39.3700787401575);
#1739=VECTOR('',#2958,39.3700787401575);
#1740=VECTOR('',#2959,39.3700787401575);
#1741=VECTOR('',#2960,39.3700787401575);
#1742=VECTOR('',#2963,39.3700787401575);
#1743=VECTOR('',#2964,39.3700787401575);
#1744=VECTOR('',#2965,39.3700787401575);
#1745=VECTOR('',#2966,39.3700787401575);
#1746=VECTOR('',#2969,39.3700787401575);
#1747=VECTOR('',#2970,39.3700787401575);
#1748=VECTOR('',#2971,39.3700787401575);
#1749=VECTOR('',#2974,39.3700787401575);
#1750=VECTOR('',#2975,39.3700787401575);
#1751=VECTOR('',#2976,39.3700787401575);
#1752=VECTOR('',#2979,39.3700787401575);
#1753=VECTOR('',#2980,39.3700787401575);
#1754=VECTOR('',#2981,39.3700787401575);
#1755=VECTOR('',#2982,39.3700787401575);
#1756=VECTOR('',#2985,39.3700787401575);
#1757=VECTOR('',#2986,39.3700787401575);
#1758=VECTOR('',#2987,39.3700787401575);
#1759=VECTOR('',#2990,39.3700787401575);
#1760=VECTOR('',#2991,39.3700787401575);
#1761=VECTOR('',#2992,39.3700787401575);
#1762=VECTOR('',#2995,39.3700787401575);
#1763=VECTOR('',#2996,39.3700787401575);
#1764=VECTOR('',#2997,39.3700787401575);
#1765=VECTOR('',#2998,39.3700787401575);
#1766=VECTOR('',#3001,39.3700787401575);
#1767=VECTOR('',#3002,39.3700787401575);
#1768=VECTOR('',#3003,39.3700787401575);
#1769=VECTOR('',#3006,39.3700787401575);
#1770=VECTOR('',#3007,39.3700787401575);
#1771=VECTOR('',#3008,39.3700787401575);
#1772=VECTOR('',#3011,39.3700787401575);
#1773=VECTOR('',#3012,39.3700787401575);
#1774=VECTOR('',#3015,39.3700787401575);
#1775=VECTOR('',#3016,39.3700787401575);
#1776=VECTOR('',#3019,39.3700787401575);
#1777=VECTOR('',#3020,39.3700787401575);
#1778=VECTOR('',#3023,39.3700787401575);
#1779=VECTOR('',#3024,39.3700787401575);
#1780=VECTOR('',#3027,39.3700787401575);
#1781=VECTOR('',#3028,39.3700787401575);
#1782=VECTOR('',#3031,39.3700787401575);
#1783=VECTOR('',#3032,39.3700787401575);
#1784=VECTOR('',#3035,39.3700787401575);
#1785=VECTOR('',#3036,39.3700787401575);
#1786=VECTOR('',#3041,39.3700787401575);
#1787=VECTOR('',#3044,39.3700787401575);
#1788=VECTOR('',#3045,39.3700787401575);
#1789=VECTOR('',#3054,39.3700787401575);
#1790=VECTOR('',#3055,39.3700787401575);
#1791=VECTOR('',#3056,39.3700787401575);
#1792=VECTOR('',#3057,39.3700787401575);
#1793=VECTOR('',#3060,39.3700787401575);
#1794=VECTOR('',#3061,39.3700787401575);
#1795=VECTOR('',#3062,39.3700787401575);
#1796=VECTOR('',#3063,39.3700787401575);
#1797=VECTOR('',#3066,39.3700787401575);
#1798=VECTOR('',#3067,39.3700787401575);
#1799=VECTOR('',#3068,39.3700787401575);
#1800=VECTOR('',#3071,39.3700787401575);
#1801=VECTOR('',#3072,39.3700787401575);
#1802=VECTOR('',#3073,39.3700787401575);
#1803=VECTOR('',#3076,39.3700787401575);
#1804=VECTOR('',#3077,39.3700787401575);
#1805=VECTOR('',#3078,39.3700787401575);
#1806=VECTOR('',#3081,39.3700787401575);
#1807=VECTOR('',#3082,39.3700787401575);
#1808=VECTOR('',#3083,39.3700787401575);
#1809=VECTOR('',#3086,39.3700787401575);
#1810=VECTOR('',#3087,39.3700787401575);
#1811=VECTOR('',#3088,39.3700787401575);
#1812=VECTOR('',#3091,39.3700787401575);
#1813=VECTOR('',#3092,39.3700787401575);
#1814=VECTOR('',#3093,39.3700787401575);
#1815=VECTOR('',#3096,39.3700787401575);
#1816=VECTOR('',#3097,39.3700787401575);
#1817=VECTOR('',#3098,39.3700787401575);
#1818=VECTOR('',#3101,39.3700787401575);
#1819=VECTOR('',#3102,39.3700787401575);
#1820=VECTOR('',#3103,39.3700787401575);
#1821=VECTOR('',#3106,39.3700787401575);
#1822=VECTOR('',#3107,39.3700787401575);
#1823=VECTOR('',#3108,39.3700787401575);
#1824=VECTOR('',#3109,39.3700787401575);
#1825=VECTOR('',#3112,39.3700787401575);
#1826=VECTOR('',#3113,39.3700787401575);
#1827=VECTOR('',#3114,39.3700787401575);
#1828=VECTOR('',#3115,39.3700787401575);
#1829=VECTOR('',#3118,39.3700787401575);
#1830=VECTOR('',#3119,39.3700787401575);
#1831=VECTOR('',#3120,39.3700787401575);
#1832=VECTOR('',#3123,39.3700787401575);
#1833=VECTOR('',#3124,39.3700787401575);
#1834=VECTOR('',#3125,39.3700787401575);
#1835=VECTOR('',#3128,39.3700787401575);
#1836=VECTOR('',#3129,39.3700787401575);
#1837=VECTOR('',#3130,39.3700787401575);
#1838=VECTOR('',#3133,39.3700787401575);
#1839=VECTOR('',#3134,39.3700787401575);
#1840=VECTOR('',#3135,39.3700787401575);
#1841=VECTOR('',#3138,39.3700787401575);
#1842=VECTOR('',#3139,39.3700787401575);
#1843=VECTOR('',#3140,39.3700787401575);
#1844=VECTOR('',#3143,39.3700787401575);
#1845=VECTOR('',#3144,39.3700787401575);
#1846=VECTOR('',#3145,39.3700787401575);
#1847=VECTOR('',#3148,39.3700787401575);
#1848=VECTOR('',#3149,39.3700787401575);
#1849=VECTOR('',#3150,39.3700787401575);
#1850=VECTOR('',#3153,39.3700787401575);
#1851=VECTOR('',#3154,39.3700787401575);
#1852=VECTOR('',#3155,39.3700787401575);
#1853=VECTOR('',#3158,39.3700787401575);
#1854=VECTOR('',#3159,39.3700787401575);
#1855=VECTOR('',#3160,39.3700787401575);
#1856=VECTOR('',#3161,39.3700787401575);
#1857=VECTOR('',#3164,39.3700787401575);
#1858=VECTOR('',#3165,39.3700787401575);
#1859=VECTOR('',#3166,39.3700787401575);
#1860=VECTOR('',#3169,39.3700787401575);
#1861=VECTOR('',#3170,39.3700787401575);
#1862=VECTOR('',#3171,39.3700787401575);
#1863=VECTOR('',#3174,39.3700787401575);
#1864=VECTOR('',#3175,39.3700787401575);
#1865=VECTOR('',#3176,39.3700787401575);
#1866=VECTOR('',#3177,39.3700787401575);
#1867=VECTOR('',#3180,39.3700787401575);
#1868=VECTOR('',#3181,39.3700787401575);
#1869=VECTOR('',#3182,39.3700787401575);
#1870=VECTOR('',#3185,39.3700787401575);
#1871=VECTOR('',#3186,39.3700787401575);
#1872=VECTOR('',#3187,39.3700787401575);
#1873=VECTOR('',#3190,39.3700787401575);
#1874=VECTOR('',#3191,39.3700787401575);
#1875=VECTOR('',#3192,39.3700787401575);
#1876=VECTOR('',#3195,39.3700787401575);
#1877=VECTOR('',#3196,39.3700787401575);
#1878=VECTOR('',#3197,39.3700787401575);
#1879=VECTOR('',#3200,39.3700787401575);
#1880=VECTOR('',#3201,39.3700787401575);
#1881=VECTOR('',#3202,39.3700787401575);
#1882=VECTOR('',#3203,39.3700787401575);
#1883=VECTOR('',#3206,39.3700787401575);
#1884=VECTOR('',#3207,39.3700787401575);
#1885=VECTOR('',#3208,39.3700787401575);
#1886=VECTOR('',#3211,39.3700787401575);
#1887=VECTOR('',#3212,39.3700787401575);
#1888=VECTOR('',#3213,39.3700787401575);
#1889=VECTOR('',#3216,39.3700787401575);
#1890=VECTOR('',#3217,39.3700787401575);
#1891=VECTOR('',#3218,39.3700787401575);
#1892=VECTOR('',#3221,39.3700787401575);
#1893=VECTOR('',#3222,39.3700787401575);
#1894=VECTOR('',#3223,39.3700787401575);
#1895=VECTOR('',#3226,39.3700787401575);
#1896=VECTOR('',#3227,39.3700787401575);
#1897=VECTOR('',#3228,39.3700787401575);
#1898=VECTOR('',#3229,39.3700787401575);
#1899=VECTOR('',#3230,39.3700787401575);
#1900=VECTOR('',#3231,39.3700787401575);
#1901=VECTOR('',#3232,39.3700787401575);
#1902=VECTOR('',#3233,39.3700787401575);
#1903=VECTOR('',#3234,39.3700787401575);
#1904=VECTOR('',#3235,39.3700787401575);
#1905=VECTOR('',#3236,39.3700787401575);
#1906=VECTOR('',#3237,39.3700787401575);
#1907=VECTOR('',#3238,39.3700787401575);
#1908=VECTOR('',#3239,39.3700787401575);
#1909=VECTOR('',#3244,39.3700787401575);
#1910=VECTOR('',#3245,39.3700787401575);
#1911=VECTOR('',#3252,39.3700787401575);
#1912=VECTOR('',#3257,39.3700787401575);
#1913=VECTOR('',#3262,39.3700787401575);
#1914=VECTOR('',#3265,39.3700787401575);
#1915=VECTOR('',#3272,39.3700787401575);
#1916=VECTOR('',#3275,39.3700787401575);
#1917=VECTOR('',#3282,39.3700787401575);
#1918=VECTOR('',#3285,39.3700787401575);
#1919=VECTOR('',#3292,39.3700787401575);
#1920=VECTOR('',#3295,39.3700787401575);
#1921=VECTOR('',#3304,39.3700787401575);
#1922=VECTOR('',#3305,39.3700787401575);
#1923=VECTOR('',#3306,39.3700787401575);
#1924=VECTOR('',#3307,39.3700787401575);
#1925=VECTOR('',#3310,39.3700787401575);
#1926=VECTOR('',#3311,39.3700787401575);
#1927=VECTOR('',#3312,39.3700787401575);
#1928=VECTOR('',#3313,39.3700787401575);
#1929=VECTOR('',#3316,39.3700787401575);
#1930=VECTOR('',#3317,39.3700787401575);
#1931=VECTOR('',#3318,39.3700787401575);
#1932=VECTOR('',#3321,39.3700787401575);
#1933=VECTOR('',#3322,39.3700787401575);
#1934=VECTOR('',#3323,39.3700787401575);
#1935=VECTOR('',#3326,39.3700787401575);
#1936=VECTOR('',#3327,39.3700787401575);
#1937=VECTOR('',#3328,39.3700787401575);
#1938=VECTOR('',#3331,39.3700787401575);
#1939=VECTOR('',#3332,39.3700787401575);
#1940=VECTOR('',#3333,39.3700787401575);
#1941=VECTOR('',#3336,39.3700787401575);
#1942=VECTOR('',#3337,39.3700787401575);
#1943=VECTOR('',#3338,39.3700787401575);
#1944=VECTOR('',#3341,39.3700787401575);
#1945=VECTOR('',#3342,39.3700787401575);
#1946=VECTOR('',#3343,39.3700787401575);
#1947=VECTOR('',#3346,39.3700787401575);
#1948=VECTOR('',#3347,39.3700787401575);
#1949=VECTOR('',#3348,39.3700787401575);
#1950=VECTOR('',#3351,39.3700787401575);
#1951=VECTOR('',#3352,39.3700787401575);
#1952=VECTOR('',#3353,39.3700787401575);
#1953=VECTOR('',#3356,39.3700787401575);
#1954=VECTOR('',#3357,39.3700787401575);
#1955=VECTOR('',#3358,39.3700787401575);
#1956=VECTOR('',#3359,39.3700787401575);
#1957=VECTOR('',#3362,39.3700787401575);
#1958=VECTOR('',#3363,39.3700787401575);
#1959=VECTOR('',#3364,39.3700787401575);
#1960=VECTOR('',#3365,39.3700787401575);
#1961=VECTOR('',#3368,39.3700787401575);
#1962=VECTOR('',#3369,39.3700787401575);
#1963=VECTOR('',#3370,39.3700787401575);
#1964=VECTOR('',#3373,39.3700787401575);
#1965=VECTOR('',#3374,39.3700787401575);
#1966=VECTOR('',#3375,39.3700787401575);
#1967=VECTOR('',#3378,39.3700787401575);
#1968=VECTOR('',#3379,39.3700787401575);
#1969=VECTOR('',#3380,39.3700787401575);
#1970=VECTOR('',#3383,39.3700787401575);
#1971=VECTOR('',#3384,39.3700787401575);
#1972=VECTOR('',#3385,39.3700787401575);
#1973=VECTOR('',#3388,39.3700787401575);
#1974=VECTOR('',#3389,39.3700787401575);
#1975=VECTOR('',#3390,39.3700787401575);
#1976=VECTOR('',#3393,39.3700787401575);
#1977=VECTOR('',#3394,39.3700787401575);
#1978=VECTOR('',#3395,39.3700787401575);
#1979=VECTOR('',#3398,39.3700787401575);
#1980=VECTOR('',#3399,39.3700787401575);
#1981=VECTOR('',#3400,39.3700787401575);
#1982=VECTOR('',#3403,39.3700787401575);
#1983=VECTOR('',#3404,39.3700787401575);
#1984=VECTOR('',#3405,39.3700787401575);
#1985=VECTOR('',#3408,39.3700787401575);
#1986=VECTOR('',#3409,39.3700787401575);
#1987=VECTOR('',#3410,39.3700787401575);
#1988=VECTOR('',#3411,39.3700787401575);
#1989=VECTOR('',#3414,39.3700787401575);
#1990=VECTOR('',#3415,39.3700787401575);
#1991=VECTOR('',#3416,39.3700787401575);
#1992=VECTOR('',#3417,39.3700787401575);
#1993=VECTOR('',#3420,39.3700787401575);
#1994=VECTOR('',#3421,39.3700787401575);
#1995=VECTOR('',#3422,39.3700787401575);
#1996=VECTOR('',#3425,39.3700787401575);
#1997=VECTOR('',#3426,39.3700787401575);
#1998=VECTOR('',#3427,39.3700787401575);
#1999=VECTOR('',#3430,39.3700787401575);
#2000=VECTOR('',#3431,39.3700787401575);
#2001=VECTOR('',#3432,39.3700787401575);
#2002=VECTOR('',#3435,39.3700787401575);
#2003=VECTOR('',#3436,39.3700787401575);
#2004=VECTOR('',#3437,39.3700787401575);
#2005=VECTOR('',#3440,39.3700787401575);
#2006=VECTOR('',#3441,39.3700787401575);
#2007=VECTOR('',#3442,39.3700787401575);
#2008=VECTOR('',#3443,39.3700787401575);
#2009=VECTOR('',#3446,39.3700787401575);
#2010=VECTOR('',#3447,39.3700787401575);
#2011=VECTOR('',#3448,39.3700787401575);
#2012=VECTOR('',#3451,39.3700787401575);
#2013=VECTOR('',#3452,39.3700787401575);
#2014=VECTOR('',#3453,39.3700787401575);
#2015=VECTOR('',#3456,39.3700787401575);
#2016=VECTOR('',#3457,39.3700787401575);
#2017=VECTOR('',#3458,39.3700787401575);
#2018=VECTOR('',#3461,39.3700787401575);
#2019=VECTOR('',#3462,39.3700787401575);
#2020=VECTOR('',#3463,39.3700787401575);
#2021=VECTOR('',#3466,39.3700787401575);
#2022=VECTOR('',#3467,39.3700787401575);
#2023=VECTOR('',#3468,39.3700787401575);
#2024=VECTOR('',#3469,39.3700787401575);
#2025=VECTOR('',#3470,39.3700787401575);
#2026=VECTOR('',#3471,39.3700787401575);
#2027=VECTOR('',#3472,39.3700787401575);
#2028=VECTOR('',#3473,39.3700787401575);
#2029=VECTOR('',#3474,39.3700787401575);
#2030=VECTOR('',#3475,39.3700787401575);
#2031=VECTOR('',#3476,39.3700787401575);
#2032=VECTOR('',#3477,39.3700787401575);
#2033=VECTOR('',#3478,39.3700787401575);
#2034=VECTOR('',#3479,39.3700787401575);
#2035=VECTOR('',#3480,39.3700787401575);
#2036=VECTOR('',#3483,39.3700787401575);
#2037=VECTOR('',#3484,39.3700787401575);
#2038=VECTOR('',#3485,39.3700787401575);
#2039=VECTOR('',#3488,39.3700787401575);
#2040=VECTOR('',#3489,39.3700787401575);
#2041=VECTOR('',#3494,39.3700787401575);
#2042=VECTOR('',#3495,39.3700787401575);
#2043=VECTOR('',#3502,39.3700787401575);
#2044=VECTOR('',#3507,39.3700787401575);
#2045=VECTOR('',#3512,39.3700787401575);
#2046=VECTOR('',#3515,39.3700787401575);
#2047=VECTOR('',#3522,39.3700787401575);
#2048=VECTOR('',#3525,39.3700787401575);
#2049=VECTOR('',#3532,39.3700787401575);
#2050=VECTOR('',#3535,39.3700787401575);
#2051=VECTOR('',#3542,39.3700787401575);
#2052=VECTOR('',#3545,39.3700787401575);
#2053=EDGE_LOOP('',(#29,#30,#31,#32));
#2054=EDGE_LOOP('',(#33,#34,#35,#36,#37,#38,#39,#40));
#2055=EDGE_LOOP('',(#41,#42,#43,#44));
#2056=EDGE_LOOP('',(#45,#46,#47,#48,#49,#50,#51,#52));
#2057=EDGE_LOOP('',(#53,#54,#55,#56));
#2058=EDGE_LOOP('',(#57,#58,#59,#60));
#2059=EDGE_LOOP('',(#61,#62,#63,#64));
#2060=EDGE_LOOP('',(#65,#66,#67,#68));
#2061=EDGE_LOOP('',(#69,#70,#71,#72));
#2062=EDGE_LOOP('',(#73,#74,#75,#76));
#2063=EDGE_LOOP('',(#77,#78,#79,#80));
#2064=EDGE_LOOP('',(#81,#82,#83,#84));
#2065=EDGE_LOOP('',(#85,#86,#87,#88));
#2066=EDGE_LOOP('',(#89,#90,#91,#92));
#2067=EDGE_LOOP('',(#93,#94,#95,#96));
#2068=EDGE_LOOP('',(#97,#98,#99,#100));
#2069=EDGE_LOOP('',(#101,#102,#103,#104));
#2070=EDGE_LOOP('',(#105,#106,#107,#108));
#2071=EDGE_LOOP('',(#109,#110,#111,#112));
#2072=EDGE_LOOP('',(#113,#114,#115,#116));
#2073=EDGE_LOOP('',(#117,#118,#119,#120));
#2074=EDGE_LOOP('',(#121,#122,#123,#124));
#2075=EDGE_LOOP('',(#125,#126,#127,#128));
#2076=EDGE_LOOP('',(#129,#130,#131,#132));
#2077=EDGE_LOOP('',(#133,#134,#135,#136));
#2078=EDGE_LOOP('',(#137,#138,#139,#140));
#2079=EDGE_LOOP('',(#141,#142,#143,#144));
#2080=EDGE_LOOP('',(#145,#146,#147,#148));
#2081=EDGE_LOOP('',(#149,#150,#151,#152));
#2082=EDGE_LOOP('',(#153,#154,#155,#156));
#2083=EDGE_LOOP('',(#157,#158,#159,#160));
#2084=EDGE_LOOP('',(#161,#162,#163,#164));
#2085=EDGE_LOOP('',(#165,#166,#167,#168));
#2086=EDGE_LOOP('',(#169,#170,#171,#172));
#2087=EDGE_LOOP('',(#173,#174,#175,#176));
#2088=EDGE_LOOP('',(#177,#178,#179,#180));
#2089=EDGE_LOOP('',(#181,#182,#183,#184));
#2090=EDGE_LOOP('',(#185,#186,#187,#188));
#2091=EDGE_LOOP('',(#189,#190,#191,#192));
#2092=EDGE_LOOP('',(#193,#194,#195,#196));
#2093=EDGE_LOOP('',(#197,#198,#199,#200));
#2094=EDGE_LOOP('',(#201,#202,#203,#204));
#2095=EDGE_LOOP('',(#205,#206,#207,#208));
#2096=EDGE_LOOP('',(#209,#210,#211,#212));
#2097=EDGE_LOOP('',(#213,#214,#215,#216));
#2098=EDGE_LOOP('',(#217,#218,#219,#220));
#2099=EDGE_LOOP('',(#221,#222,#223,#224));
#2100=EDGE_LOOP('',(#225,#226,#227,#228));
#2101=EDGE_LOOP('',(#229,#230,#231,#232));
#2102=EDGE_LOOP('',(#233,#234,#235,#236));
#2103=EDGE_LOOP('',(#237,#238,#239,#240));
#2104=EDGE_LOOP('',(#241,#242,#243,#244));
#2105=EDGE_LOOP('',(#245,#246,#247,#248));
#2106=EDGE_LOOP('',(#249,#250,#251,#252));
#2107=EDGE_LOOP('',(#253,#254,#255,#256));
#2108=EDGE_LOOP('',(#257,#258,#259,#260));
#2109=EDGE_LOOP('',(#261,#262,#263,#264));
#2110=EDGE_LOOP('',(#265,#266,#267,#268));
#2111=EDGE_LOOP('',(#269,#270,#271,#272));
#2112=EDGE_LOOP('',(#273,#274,#275,#276));
#2113=EDGE_LOOP('',(#277,#278,#279,#280));
#2114=EDGE_LOOP('',(#281,#282,#283,#284));
#2115=EDGE_LOOP('',(#285,#286,#287,#288));
#2116=EDGE_LOOP('',(#289,#290,#291,#292));
#2117=EDGE_LOOP('',(#293,#294,#295,#296));
#2118=EDGE_LOOP('',(#297,#298,#299,#300));
#2119=EDGE_LOOP('',(#301,#302,#303,#304));
#2120=EDGE_LOOP('',(#305,#306,#307,#308));
#2121=EDGE_LOOP('',(#309,#310,#311,#312));
#2122=EDGE_LOOP('',(#313,#314,#315,#316));
#2123=EDGE_LOOP('',(#317,#318,#319,#320));
#2124=EDGE_LOOP('',(#321,#322,#323,#324));
#2125=EDGE_LOOP('',(#325,#326,#327,#328));
#2126=EDGE_LOOP('',(#329,#330,#331,#332));
#2127=EDGE_LOOP('',(#333,#334,#335,#336));
#2128=EDGE_LOOP('',(#337,#338,#339,#340));
#2129=EDGE_LOOP('',(#341,#342,#343,#344));
#2130=EDGE_LOOP('',(#345,#346,#347,#348));
#2131=EDGE_LOOP('',(#349,#350,#351,#352));
#2132=EDGE_LOOP('',(#353,#354,#355,#356));
#2133=EDGE_LOOP('',(#357,#358,#359,#360));
#2134=EDGE_LOOP('',(#361,#362,#363,#364));
#2135=EDGE_LOOP('',(#365,#366,#367,#368));
#2136=EDGE_LOOP('',(#369,#370,#371,#372,#373,#374,#375,#376,#377,#378,#379,
#380));
#2137=EDGE_LOOP('',(#381,#382,#383,#384));
#2138=EDGE_LOOP('',(#385,#386,#387,#388,#389,#390,#391,#392,#393,#394,#395,
#396));
#2139=EDGE_LOOP('',(#397,#398,#399,#400));
#2140=EDGE_LOOP('',(#401,#402,#403,#404));
#2141=EDGE_LOOP('',(#405,#406,#407,#408));
#2142=EDGE_LOOP('',(#409,#410,#411,#412));
#2143=EDGE_LOOP('',(#413,#414,#415,#416));
#2144=EDGE_LOOP('',(#417,#418,#419,#420));
#2145=EDGE_LOOP('',(#421,#422,#423,#424));
#2146=EDGE_LOOP('',(#425,#426,#427,#428));
#2147=EDGE_LOOP('',(#429,#430,#431,#432));
#2148=EDGE_LOOP('',(#433,#434,#435,#436));
#2149=EDGE_LOOP('',(#437,#438,#439,#440));
#2150=EDGE_LOOP('',(#441,#442,#443,#444));
#2151=EDGE_LOOP('',(#445,#446,#447,#448));
#2152=EDGE_LOOP('',(#449,#450,#451,#452));
#2153=EDGE_LOOP('',(#453,#454,#455,#456));
#2154=EDGE_LOOP('',(#457,#458,#459,#460));
#2155=EDGE_LOOP('',(#461,#462,#463,#464));
#2156=EDGE_LOOP('',(#465,#466,#467,#468));
#2157=EDGE_LOOP('',(#469,#470,#471,#472));
#2158=EDGE_LOOP('',(#473,#474,#475,#476));
#2159=EDGE_LOOP('',(#477,#478,#479,#480));
#2160=EDGE_LOOP('',(#481,#482,#483,#484));
#2161=EDGE_LOOP('',(#485,#486,#487,#488));
#2162=EDGE_LOOP('',(#489,#490,#491,#492));
#2163=EDGE_LOOP('',(#493,#494,#495,#496));
#2164=EDGE_LOOP('',(#497,#498,#499,#500));
#2165=EDGE_LOOP('',(#501,#502,#503,#504));
#2166=EDGE_LOOP('',(#505,#506,#507,#508));
#2167=EDGE_LOOP('',(#509,#510,#511,#512));
#2168=EDGE_LOOP('',(#513,#514,#515,#516));
#2169=EDGE_LOOP('',(#517,#518,#519,#520));
#2170=EDGE_LOOP('',(#521,#522,#523,#524));
#2171=EDGE_LOOP('',(#525,#526,#527,#528));
#2172=EDGE_LOOP('',(#529,#530,#531,#532));
#2173=EDGE_LOOP('',(#533,#534,#535,#536));
#2174=EDGE_LOOP('',(#537,#538,#539,#540));
#2175=EDGE_LOOP('',(#541,#542,#543,#544));
#2176=EDGE_LOOP('',(#545,#546,#547,#548));
#2177=EDGE_LOOP('',(#549,#550,#551,#552));
#2178=EDGE_LOOP('',(#553,#554,#555,#556));
#2179=EDGE_LOOP('',(#557,#558,#559,#560));
#2180=EDGE_LOOP('',(#561,#562,#563,#564));
#2181=EDGE_LOOP('',(#565,#566,#567,#568));
#2182=EDGE_LOOP('',(#569,#570,#571,#572));
#2183=EDGE_LOOP('',(#573,#574,#575,#576));
#2184=EDGE_LOOP('',(#577,#578,#579,#580));
#2185=EDGE_LOOP('',(#581,#582,#583,#584));
#2186=EDGE_LOOP('',(#585,#586,#587,#588));
#2187=EDGE_LOOP('',(#589,#590,#591,#592));
#2188=EDGE_LOOP('',(#593,#594,#595,#596));
#2189=EDGE_LOOP('',(#597,#598,#599,#600));
#2190=EDGE_LOOP('',(#601,#602,#603,#604));
#2191=EDGE_LOOP('',(#605,#606,#607,#608));
#2192=EDGE_LOOP('',(#609,#610,#611,#612,#613,#614,#615,#616,#617,#618,#619,
#620));
#2193=EDGE_LOOP('',(#621,#622,#623,#624));
#2194=EDGE_LOOP('',(#625,#626,#627,#628));
#2195=EDGE_LOOP('',(#629,#630,#631,#632));
#2196=EDGE_LOOP('',(#633,#634,#635,#636));
#2197=EDGE_LOOP('',(#637,#638,#639,#640));
#2198=EDGE_LOOP('',(#641,#642,#643,#644));
#2199=EDGE_LOOP('',(#645,#646,#647,#648));
#2200=EDGE_LOOP('',(#649,#650,#651,#652,#653,#654,#655,#656,#657,#658,#659,
#660));
#2201=EDGE_LOOP('',(#661,#662,#663,#664));
#2202=EDGE_LOOP('',(#665,#666,#667,#668));
#2203=EDGE_LOOP('',(#669,#670,#671,#672));
#2204=EDGE_LOOP('',(#673,#674,#675,#676));
#2205=EDGE_LOOP('',(#677,#678,#679,#680));
#2206=EDGE_LOOP('',(#681,#682,#683,#684));
#2207=EDGE_LOOP('',(#685,#686,#687,#688));
#2208=EDGE_LOOP('',(#689,#690,#691,#692));
#2209=EDGE_LOOP('',(#693,#694,#695,#696));
#2210=EDGE_LOOP('',(#697,#698,#699,#700));
#2211=EDGE_LOOP('',(#701,#702,#703,#704));
#2212=EDGE_LOOP('',(#705,#706,#707,#708));
#2213=EDGE_LOOP('',(#709,#710,#711,#712));
#2214=EDGE_LOOP('',(#713,#714,#715,#716));
#2215=EDGE_LOOP('',(#717,#718,#719,#720));
#2216=EDGE_LOOP('',(#721,#722,#723,#724));
#2217=EDGE_LOOP('',(#725,#726,#727,#728));
#2218=EDGE_LOOP('',(#729,#730,#731,#732));
#2219=EDGE_LOOP('',(#733,#734,#735,#736));
#2220=EDGE_LOOP('',(#737,#738,#739,#740));
#2221=EDGE_LOOP('',(#741,#742,#743,#744));
#2222=EDGE_LOOP('',(#745,#746,#747,#748));
#2223=FACE_BOUND('',#2053,.T.);
#2224=FACE_BOUND('',#2054,.T.);
#2225=FACE_BOUND('',#2055,.T.);
#2226=FACE_BOUND('',#2056,.T.);
#2227=FACE_BOUND('',#2057,.T.);
#2228=FACE_BOUND('',#2058,.T.);
#2229=FACE_BOUND('',#2059,.T.);
#2230=FACE_BOUND('',#2060,.T.);
#2231=FACE_BOUND('',#2061,.T.);
#2232=FACE_BOUND('',#2062,.T.);
#2233=FACE_BOUND('',#2063,.T.);
#2234=FACE_BOUND('',#2064,.T.);
#2235=FACE_BOUND('',#2065,.T.);
#2236=FACE_BOUND('',#2066,.T.);
#2237=FACE_BOUND('',#2067,.T.);
#2238=FACE_BOUND('',#2068,.T.);
#2239=FACE_BOUND('',#2069,.T.);
#2240=FACE_BOUND('',#2070,.T.);
#2241=FACE_BOUND('',#2071,.T.);
#2242=FACE_BOUND('',#2072,.T.);
#2243=FACE_BOUND('',#2073,.T.);
#2244=FACE_BOUND('',#2074,.T.);
#2245=FACE_BOUND('',#2075,.T.);
#2246=FACE_BOUND('',#2076,.T.);
#2247=FACE_BOUND('',#2077,.T.);
#2248=FACE_BOUND('',#2078,.T.);
#2249=FACE_BOUND('',#2079,.T.);
#2250=FACE_BOUND('',#2080,.T.);
#2251=FACE_BOUND('',#2081,.T.);
#2252=FACE_BOUND('',#2082,.T.);
#2253=FACE_BOUND('',#2083,.T.);
#2254=FACE_BOUND('',#2084,.T.);
#2255=FACE_BOUND('',#2085,.T.);
#2256=FACE_BOUND('',#2086,.T.);
#2257=FACE_BOUND('',#2087,.T.);
#2258=FACE_BOUND('',#2088,.T.);
#2259=FACE_BOUND('',#2089,.T.);
#2260=FACE_BOUND('',#2090,.T.);
#2261=FACE_BOUND('',#2091,.T.);
#2262=FACE_BOUND('',#2092,.T.);
#2263=FACE_BOUND('',#2093,.T.);
#2264=FACE_BOUND('',#2094,.T.);
#2265=FACE_BOUND('',#2095,.T.);
#2266=FACE_BOUND('',#2096,.T.);
#2267=FACE_BOUND('',#2097,.T.);
#2268=FACE_BOUND('',#2098,.T.);
#2269=FACE_BOUND('',#2099,.T.);
#2270=FACE_BOUND('',#2100,.T.);
#2271=FACE_BOUND('',#2101,.T.);
#2272=FACE_BOUND('',#2102,.T.);
#2273=FACE_BOUND('',#2103,.T.);
#2274=FACE_BOUND('',#2104,.T.);
#2275=FACE_BOUND('',#2105,.T.);
#2276=FACE_BOUND('',#2106,.T.);
#2277=FACE_BOUND('',#2107,.T.);
#2278=FACE_BOUND('',#2108,.T.);
#2279=FACE_BOUND('',#2109,.T.);
#2280=FACE_BOUND('',#2110,.T.);
#2281=FACE_BOUND('',#2111,.T.);
#2282=FACE_BOUND('',#2112,.T.);
#2283=FACE_BOUND('',#2113,.T.);
#2284=FACE_BOUND('',#2114,.T.);
#2285=FACE_BOUND('',#2115,.T.);
#2286=FACE_BOUND('',#2116,.T.);
#2287=FACE_BOUND('',#2117,.T.);
#2288=FACE_BOUND('',#2118,.T.);
#2289=FACE_BOUND('',#2119,.T.);
#2290=FACE_BOUND('',#2120,.T.);
#2291=FACE_BOUND('',#2121,.T.);
#2292=FACE_BOUND('',#2122,.T.);
#2293=FACE_BOUND('',#2123,.T.);
#2294=FACE_BOUND('',#2124,.T.);
#2295=FACE_BOUND('',#2125,.T.);
#2296=FACE_BOUND('',#2126,.T.);
#2297=FACE_BOUND('',#2127,.T.);
#2298=FACE_BOUND('',#2128,.T.);
#2299=FACE_BOUND('',#2129,.T.);
#2300=FACE_BOUND('',#2130,.T.);
#2301=FACE_BOUND('',#2131,.T.);
#2302=FACE_BOUND('',#2132,.T.);
#2303=FACE_BOUND('',#2133,.T.);
#2304=FACE_BOUND('',#2134,.T.);
#2305=FACE_BOUND('',#2135,.T.);
#2306=FACE_BOUND('',#2136,.T.);
#2307=FACE_BOUND('',#2137,.T.);
#2308=FACE_BOUND('',#2138,.T.);
#2309=FACE_BOUND('',#2139,.T.);
#2310=FACE_BOUND('',#2140,.T.);
#2311=FACE_BOUND('',#2141,.T.);
#2312=FACE_BOUND('',#2142,.T.);
#2313=FACE_BOUND('',#2143,.T.);
#2314=FACE_BOUND('',#2144,.T.);
#2315=FACE_BOUND('',#2145,.T.);
#2316=FACE_BOUND('',#2146,.T.);
#2317=FACE_BOUND('',#2147,.T.);
#2318=FACE_BOUND('',#2148,.T.);
#2319=FACE_BOUND('',#2149,.T.);
#2320=FACE_BOUND('',#2150,.T.);
#2321=FACE_BOUND('',#2151,.T.);
#2322=FACE_BOUND('',#2152,.T.);
#2323=FACE_BOUND('',#2153,.T.);
#2324=FACE_BOUND('',#2154,.T.);
#2325=FACE_BOUND('',#2155,.T.);
#2326=FACE_BOUND('',#2156,.T.);
#2327=FACE_BOUND('',#2157,.T.);
#2328=FACE_BOUND('',#2158,.T.);
#2329=FACE_BOUND('',#2159,.T.);
#2330=FACE_BOUND('',#2160,.T.);
#2331=FACE_BOUND('',#2161,.T.);
#2332=FACE_BOUND('',#2162,.T.);
#2333=FACE_BOUND('',#2163,.T.);
#2334=FACE_BOUND('',#2164,.T.);
#2335=FACE_BOUND('',#2165,.T.);
#2336=FACE_BOUND('',#2166,.T.);
#2337=FACE_BOUND('',#2167,.T.);
#2338=FACE_BOUND('',#2168,.T.);
#2339=FACE_BOUND('',#2169,.T.);
#2340=FACE_BOUND('',#2170,.T.);
#2341=FACE_BOUND('',#2171,.T.);
#2342=FACE_BOUND('',#2172,.T.);
#2343=FACE_BOUND('',#2173,.T.);
#2344=FACE_BOUND('',#2174,.T.);
#2345=FACE_BOUND('',#2175,.T.);
#2346=FACE_BOUND('',#2176,.T.);
#2347=FACE_BOUND('',#2177,.T.);
#2348=FACE_BOUND('',#2178,.T.);
#2349=FACE_BOUND('',#2179,.T.);
#2350=FACE_BOUND('',#2180,.T.);
#2351=FACE_BOUND('',#2181,.T.);
#2352=FACE_BOUND('',#2182,.T.);
#2353=FACE_BOUND('',#2183,.T.);
#2354=FACE_BOUND('',#2184,.T.);
#2355=FACE_BOUND('',#2185,.T.);
#2356=FACE_BOUND('',#2186,.T.);
#2357=FACE_BOUND('',#2187,.T.);
#2358=FACE_BOUND('',#2188,.T.);
#2359=FACE_BOUND('',#2189,.T.);
#2360=FACE_BOUND('',#2190,.T.);
#2361=FACE_BOUND('',#2191,.T.);
#2362=FACE_BOUND('',#2192,.T.);
#2363=FACE_BOUND('',#2193,.T.);
#2364=FACE_BOUND('',#2194,.T.);
#2365=FACE_BOUND('',#2195,.T.);
#2366=FACE_BOUND('',#2196,.T.);
#2367=FACE_BOUND('',#2197,.T.);
#2368=FACE_BOUND('',#2198,.T.);
#2369=FACE_BOUND('',#2199,.T.);
#2370=FACE_BOUND('',#2200,.T.);
#2371=FACE_BOUND('',#2201,.T.);
#2372=FACE_BOUND('',#2202,.T.);
#2373=FACE_BOUND('',#2203,.T.);
#2374=FACE_BOUND('',#2204,.T.);
#2375=FACE_BOUND('',#2205,.T.);
#2376=FACE_BOUND('',#2206,.T.);
#2377=FACE_BOUND('',#2207,.T.);
#2378=FACE_BOUND('',#2208,.T.);
#2379=FACE_BOUND('',#2209,.T.);
#2380=FACE_BOUND('',#2210,.T.);
#2381=FACE_BOUND('',#2211,.T.);
#2382=FACE_BOUND('',#2212,.T.);
#2383=FACE_BOUND('',#2213,.T.);
#2384=FACE_BOUND('',#2214,.T.);
#2385=FACE_BOUND('',#2215,.T.);
#2386=FACE_BOUND('',#2216,.T.);
#2387=FACE_BOUND('',#2217,.T.);
#2388=FACE_BOUND('',#2218,.T.);
#2389=FACE_BOUND('',#2219,.T.);
#2390=FACE_BOUND('',#2220,.T.);
#2391=FACE_BOUND('',#2221,.T.);
#2392=FACE_BOUND('',#2222,.T.);
#2393=PLANE('',#2731);
#2394=PLANE('',#2732);
#2395=PLANE('',#2733);
#2396=PLANE('',#2734);
#2397=PLANE('',#2735);
#2398=PLANE('',#2736);
#2399=PLANE('',#2737);
#2400=PLANE('',#2738);
#2401=PLANE('',#2739);
#2402=PLANE('',#2740);
#2403=PLANE('',#2741);
#2404=PLANE('',#2742);
#2405=PLANE('',#2743);
#2406=PLANE('',#2744);
#2407=PLANE('',#2745);
#2408=PLANE('',#2746);
#2409=PLANE('',#2747);
#2410=PLANE('',#2748);
#2411=PLANE('',#2749);
#2412=PLANE('',#2750);
#2413=PLANE('',#2751);
#2414=PLANE('',#2752);
#2415=PLANE('',#2753);
#2416=PLANE('',#2754);
#2417=PLANE('',#2755);
#2418=PLANE('',#2756);
#2419=PLANE('',#2757);
#2420=PLANE('',#2758);
#2421=PLANE('',#2759);
#2422=PLANE('',#2760);
#2423=PLANE('',#2761);
#2424=PLANE('',#2762);
#2425=PLANE('',#2763);
#2426=PLANE('',#2764);
#2427=PLANE('',#2766);
#2428=PLANE('',#2767);
#2429=PLANE('',#2768);
#2430=PLANE('',#2769);
#2431=PLANE('',#2770);
#2432=PLANE('',#2771);
#2433=PLANE('',#2772);
#2434=PLANE('',#2773);
#2435=PLANE('',#2774);
#2436=PLANE('',#2775);
#2437=PLANE('',#2776);
#2438=PLANE('',#2777);
#2439=PLANE('',#2778);
#2440=PLANE('',#2779);
#2441=PLANE('',#2780);
#2442=PLANE('',#2781);
#2443=PLANE('',#2782);
#2444=PLANE('',#2783);
#2445=PLANE('',#2784);
#2446=PLANE('',#2785);
#2447=PLANE('',#2786);
#2448=PLANE('',#2787);
#2449=PLANE('',#2788);
#2450=PLANE('',#2789);
#2451=PLANE('',#2790);
#2452=PLANE('',#2791);
#2453=PLANE('',#2792);
#2454=PLANE('',#2793);
#2455=PLANE('',#2794);
#2456=PLANE('',#2795);
#2457=PLANE('',#2796);
#2458=PLANE('',#2797);
#2459=PLANE('',#2798);
#2460=PLANE('',#2799);
#2461=PLANE('',#2800);
#2462=PLANE('',#2801);
#2463=PLANE('',#2802);
#2464=PLANE('',#2803);
#2465=PLANE('',#2804);
#2466=PLANE('',#2805);
#2467=PLANE('',#2806);
#2468=PLANE('',#2807);
#2469=PLANE('',#2808);
#2470=PLANE('',#2809);
#2471=PLANE('',#2810);
#2472=PLANE('',#2811);
#2473=PLANE('',#2812);
#2474=PLANE('',#2813);
#2475=PLANE('',#2814);
#2476=PLANE('',#2815);
#2477=PLANE('',#2816);
#2478=PLANE('',#2817);
#2479=PLANE('',#2818);
#2480=PLANE('',#2819);
#2481=PLANE('',#2820);
#2482=PLANE('',#2821);
#2483=PLANE('',#2822);
#2484=PLANE('',#2823);
#2485=PLANE('',#2825);
#2486=PLANE('',#2826);
#2487=PLANE('',#2827);
#2488=PLANE('',#2828);
#2489=PLANE('',#2829);
#2490=PLANE('',#2830);
#2491=PLANE('',#2831);
#2492=PLANE('',#2832);
#2493=PLANE('',#2833);
#2494=PLANE('',#2834);
#2495=PLANE('',#2835);
#2496=PLANE('',#2836);
#2497=PLANE('',#2837);
#2498=PLANE('',#2838);
#2499=PLANE('',#2839);
#2500=PLANE('',#2840);
#2501=PLANE('',#2841);
#2502=PLANE('',#2842);
#2503=PLANE('',#2843);
#2504=PLANE('',#2844);
#2505=PLANE('',#2845);
#2506=PLANE('',#2846);
#2507=PLANE('',#2847);
#2508=PLANE('',#2848);
#2509=PLANE('',#2849);
#2510=PLANE('',#2850);
#2511=PLANE('',#2851);
#2512=PLANE('',#2852);
#2513=PLANE('',#2853);
#2514=PLANE('',#2854);
#2515=PLANE('',#2855);
#2516=PLANE('',#2856);
#2517=PLANE('',#2857);
#2518=PLANE('',#2858);
#2519=PLANE('',#2859);
#2520=PLANE('',#2860);
#2521=PLANE('',#2861);
#2522=PLANE('',#2862);
#2523=PLANE('',#2863);
#2524=PLANE('',#2864);
#2525=PLANE('',#2865);
#2526=PLANE('',#2866);
#2527=PLANE('',#2867);
#2528=PLANE('',#2868);
#2529=PLANE('',#2869);
#2530=PLANE('',#2870);
#2531=PLANE('',#2871);
#2532=PLANE('',#2872);
#2533=PLANE('',#2873);
#2534=PLANE('',#2874);
#2535=PLANE('',#2875);
#2536=PLANE('',#2876);
#2537=PLANE('',#2877);
#2538=PLANE('',#2878);
#2539=PLANE('',#2879);
#2540=PLANE('',#2880);
#2541=PLANE('',#2881);
#2542=PLANE('',#2882);
#2543=ADVANCED_FACE('',(#2223),#2393,.F.);
#2544=ADVANCED_FACE('',(#2224),#2394,.F.);
#2545=ADVANCED_FACE('',(#2225),#2395,.F.);
#2546=ADVANCED_FACE('',(#2226),#2396,.F.);
#2547=ADVANCED_FACE('',(#2227),#2397,.T.);
#2548=ADVANCED_FACE('',(#2228),#2398,.T.);
#2549=ADVANCED_FACE('',(#2229),#2399,.T.);
#2550=ADVANCED_FACE('',(#2230),#2400,.T.);
#2551=ADVANCED_FACE('',(#2231),#2401,.T.);
#2552=ADVANCED_FACE('',(#2232),#2402,.T.);
#2553=ADVANCED_FACE('',(#2233),#2403,.T.);
#2554=ADVANCED_FACE('',(#2234),#2404,.T.);
#2555=ADVANCED_FACE('',(#2235),#2405,.T.);
#2556=ADVANCED_FACE('',(#2236),#2406,.T.);
#2557=ADVANCED_FACE('',(#2237),#2407,.T.);
#2558=ADVANCED_FACE('',(#2238),#2408,.T.);
#2559=ADVANCED_FACE('',(#2239),#2409,.T.);
#2560=ADVANCED_FACE('',(#2240),#2410,.T.);
#2561=ADVANCED_FACE('',(#2241),#2411,.T.);
#2562=ADVANCED_FACE('',(#2242),#2412,.T.);
#2563=ADVANCED_FACE('',(#2243),#2413,.T.);
#2564=ADVANCED_FACE('',(#2244),#2414,.T.);
#2565=ADVANCED_FACE('',(#2245),#2415,.T.);
#2566=ADVANCED_FACE('',(#2246),#2416,.T.);
#2567=ADVANCED_FACE('',(#2247),#2417,.T.);
#2568=ADVANCED_FACE('',(#2248),#2418,.T.);
#2569=ADVANCED_FACE('',(#2249),#2419,.T.);
#2570=ADVANCED_FACE('',(#2250),#2420,.T.);
#2571=ADVANCED_FACE('',(#2251),#2421,.F.);
#2572=ADVANCED_FACE('',(#2252,#2253,#2254,#2255,#2256,#2257,#2258),#2422,
 .T.);
#2573=ADVANCED_FACE('',(#2259),#2423,.F.);
#2574=ADVANCED_FACE('',(#2260,#2261,#2262,#2263,#2264,#2265,#2266),#2424,
 .F.);
#2575=ADVANCED_FACE('',(#2267),#2425,.F.);
#2576=ADVANCED_FACE('',(#2268),#2426,.F.);
#2577=ADVANCED_FACE('',(#2269),#2427,.F.);
#2578=ADVANCED_FACE('',(#2270),#2428,.F.);
#2579=ADVANCED_FACE('',(#2271),#2429,.F.);
#2580=ADVANCED_FACE('',(#2272),#2430,.F.);
#2581=ADVANCED_FACE('',(#2273),#2431,.F.);
#2582=ADVANCED_FACE('',(#2274),#2432,.F.);
#2583=ADVANCED_FACE('',(#2275),#2433,.F.);
#2584=ADVANCED_FACE('',(#2276),#2434,.F.);
#2585=ADVANCED_FACE('',(#2277),#2435,.F.);
#2586=ADVANCED_FACE('',(#2278),#2436,.F.);
#2587=ADVANCED_FACE('',(#2279),#2437,.F.);
#2588=ADVANCED_FACE('',(#2280),#2438,.F.);
#2589=ADVANCED_FACE('',(#2281),#2439,.F.);
#2590=ADVANCED_FACE('',(#2282),#2440,.F.);
#2591=ADVANCED_FACE('',(#2283),#2441,.F.);
#2592=ADVANCED_FACE('',(#2284),#2442,.F.);
#2593=ADVANCED_FACE('',(#2285),#2443,.F.);
#2594=ADVANCED_FACE('',(#2286),#2444,.F.);
#2595=ADVANCED_FACE('',(#2287),#2445,.F.);
#2596=ADVANCED_FACE('',(#2288),#2446,.F.);
#2597=ADVANCED_FACE('',(#2289),#2447,.F.);
#2598=ADVANCED_FACE('',(#2290),#2448,.F.);
#2599=ADVANCED_FACE('',(#2291),#2449,.F.);
#2600=ADVANCED_FACE('',(#2292),#2450,.F.);
#2601=ADVANCED_FACE('',(#2293),#2451,.F.);
#2602=ADVANCED_FACE('',(#2294),#2452,.F.);
#2603=ADVANCED_FACE('',(#2295),#2453,.F.);
#2604=ADVANCED_FACE('',(#2296),#2454,.F.);
#2605=ADVANCED_FACE('',(#2297),#2455,.F.);
#2606=ADVANCED_FACE('',(#2298),#2456,.F.);
#2607=ADVANCED_FACE('',(#2299),#2457,.F.);
#2608=ADVANCED_FACE('',(#2300),#2458,.F.);
#2609=ADVANCED_FACE('',(#2301),#2459,.F.);
#2610=ADVANCED_FACE('',(#2302,#2303,#2304,#2305,#2306),#2460,.F.);
#2611=ADVANCED_FACE('',(#2307),#2461,.T.);
#2612=ADVANCED_FACE('',(#2308),#2462,.F.);
#2613=ADVANCED_FACE('',(#2309),#2463,.F.);
#2614=ADVANCED_FACE('',(#2310),#2464,.F.);
#2615=ADVANCED_FACE('',(#2311),#2465,.F.);
#2616=ADVANCED_FACE('',(#2312),#2466,.F.);
#2617=ADVANCED_FACE('',(#2313),#2467,.F.);
#2618=ADVANCED_FACE('',(#2314),#2468,.F.);
#2619=ADVANCED_FACE('',(#2315),#2469,.F.);
#2620=ADVANCED_FACE('',(#2316),#2470,.F.);
#2621=ADVANCED_FACE('',(#2317),#2471,.F.);
#2622=ADVANCED_FACE('',(#2318),#2472,.F.);
#2623=ADVANCED_FACE('',(#2319),#2473,.F.);
#2624=ADVANCED_FACE('',(#2320),#2474,.F.);
#2625=ADVANCED_FACE('',(#2321),#2475,.F.);
#2626=ADVANCED_FACE('',(#2322),#2476,.F.);
#2627=ADVANCED_FACE('',(#2323),#2477,.F.);
#2628=ADVANCED_FACE('',(#2324),#2478,.F.);
#2629=ADVANCED_FACE('',(#2325),#2479,.F.);
#2630=ADVANCED_FACE('',(#2326),#2480,.F.);
#2631=ADVANCED_FACE('',(#2327),#2481,.F.);
#2632=ADVANCED_FACE('',(#2328),#2482,.F.);
#2633=ADVANCED_FACE('',(#2329),#2483,.F.);
#2634=ADVANCED_FACE('',(#2330),#2484,.F.);
#2635=ADVANCED_FACE('',(#2331),#2485,.F.);
#2636=ADVANCED_FACE('',(#2332),#2486,.F.);
#2637=ADVANCED_FACE('',(#2333),#2487,.F.);
#2638=ADVANCED_FACE('',(#2334),#2488,.F.);
#2639=ADVANCED_FACE('',(#2335),#2489,.F.);
#2640=ADVANCED_FACE('',(#2336),#2490,.F.);
#2641=ADVANCED_FACE('',(#2337),#2491,.F.);
#2642=ADVANCED_FACE('',(#2338),#2492,.F.);
#2643=ADVANCED_FACE('',(#2339),#2493,.F.);
#2644=ADVANCED_FACE('',(#2340),#2494,.F.);
#2645=ADVANCED_FACE('',(#2341),#2495,.F.);
#2646=ADVANCED_FACE('',(#2342),#2496,.F.);
#2647=ADVANCED_FACE('',(#2343),#2497,.F.);
#2648=ADVANCED_FACE('',(#2344),#2498,.F.);
#2649=ADVANCED_FACE('',(#2345),#2499,.F.);
#2650=ADVANCED_FACE('',(#2346),#2500,.F.);
#2651=ADVANCED_FACE('',(#2347),#2501,.F.);
#2652=ADVANCED_FACE('',(#2348),#2502,.F.);
#2653=ADVANCED_FACE('',(#2349),#2503,.F.);
#2654=ADVANCED_FACE('',(#2350),#2504,.F.);
#2655=ADVANCED_FACE('',(#2351),#2505,.F.);
#2656=ADVANCED_FACE('',(#2352),#2506,.F.);
#2657=ADVANCED_FACE('',(#2353),#2507,.F.);
#2658=ADVANCED_FACE('',(#2354),#2508,.F.);
#2659=ADVANCED_FACE('',(#2355),#2509,.F.);
#2660=ADVANCED_FACE('',(#2356),#2510,.F.);
#2661=ADVANCED_FACE('',(#2357),#2511,.F.);
#2662=ADVANCED_FACE('',(#2358),#2512,.F.);
#2663=ADVANCED_FACE('',(#2359),#2513,.F.);
#2664=ADVANCED_FACE('',(#2360),#2514,.F.);
#2665=ADVANCED_FACE('',(#2361),#2515,.F.);
#2666=ADVANCED_FACE('',(#2362,#2363,#2364,#2365,#2366),#2516,.F.);
#2667=ADVANCED_FACE('',(#2367),#2517,.F.);
#2668=ADVANCED_FACE('',(#2368),#2518,.F.);
#2669=ADVANCED_FACE('',(#2369),#2519,.T.);
#2670=ADVANCED_FACE('',(#2370),#2520,.F.);
#2671=ADVANCED_FACE('',(#2371),#2521,.F.);
#2672=ADVANCED_FACE('',(#2372),#2522,.F.);
#2673=ADVANCED_FACE('',(#2373),#2523,.F.);
#2674=ADVANCED_FACE('',(#2374),#2524,.F.);
#2675=ADVANCED_FACE('',(#2375),#2525,.F.);
#2676=ADVANCED_FACE('',(#2376),#2526,.F.);
#2677=ADVANCED_FACE('',(#2377),#2527,.F.);
#2678=ADVANCED_FACE('',(#2378),#2528,.F.);
#2679=ADVANCED_FACE('',(#2379),#2529,.F.);
#2680=ADVANCED_FACE('',(#2380),#2530,.F.);
#2681=ADVANCED_FACE('',(#2381),#2531,.F.);
#2682=ADVANCED_FACE('',(#2382),#2532,.F.);
#2683=ADVANCED_FACE('',(#2383),#2533,.F.);
#2684=ADVANCED_FACE('',(#2384),#2534,.F.);
#2685=ADVANCED_FACE('',(#2385),#2535,.F.);
#2686=ADVANCED_FACE('',(#2386),#2536,.F.);
#2687=ADVANCED_FACE('',(#2387),#2537,.F.);
#2688=ADVANCED_FACE('',(#2388),#2538,.F.);
#2689=ADVANCED_FACE('',(#2389),#2539,.F.);
#2690=ADVANCED_FACE('',(#2390),#2540,.F.);
#2691=ADVANCED_FACE('',(#2391),#2541,.F.);
#2692=ADVANCED_FACE('',(#2392),#2542,.F.);
#2693=CLOSED_SHELL('',(#2543,#2544,#2545,#2546,#2547,#2548,#2549,#2550,
#2551,#2552,#2553,#2554,#2555,#2556,#2557,#2558,#2559,#2560,#2561,#2562,
#2563,#2564,#2565,#2566,#2567,#2568,#2569,#2570,#2571,#2572,#2573,#2574,
#2575,#2576));
#2694=CLOSED_SHELL('',(#2577,#2578,#2579,#2580,#2581,#2582,#2583,#2584,
#2585,#2586,#2587,#2588,#2589,#2590,#2591,#2592,#2593,#2594,#2595,#2596,
#2597,#2598,#2599,#2600,#2601,#2602,#2603,#2604,#2605,#2606,#2607,#2608,
#2609,#2610,#2611,#2612,#2613,#2614,#2615,#2616,#2617,#2618,#2619,#2620,
#2621,#2622,#2623,#2624,#2625,#2626,#2627,#2628,#2629,#2630,#2631,#2632,
#2633,#2634));
#2695=CLOSED_SHELL('',(#2635,#2636,#2637,#2638,#2639,#2640,#2641,#2642,
#2643,#2644,#2645,#2646,#2647,#2648,#2649,#2650,#2651,#2652,#2653,#2654,
#2655,#2656,#2657,#2658,#2659,#2660,#2661,#2662,#2663,#2664,#2665,#2666,
#2667,#2668,#2669,#2670,#2671,#2672,#2673,#2674,#2675,#2676,#2677,#2678,
#2679,#2680,#2681,#2682,#2683,#2684,#2685,#2686,#2687,#2688,#2689,#2690,
#2691,#2692));
#2696=STYLED_ITEM('',(#2699),#2719);
#2697=STYLED_ITEM('',(#2700),#2720);
#2698=STYLED_ITEM('',(#2701),#2721);
#2699=PRESENTATION_STYLE_ASSIGNMENT((#2702));
#2700=PRESENTATION_STYLE_ASSIGNMENT((#2703));
#2701=PRESENTATION_STYLE_ASSIGNMENT((#2704));
#2702=SURFACE_STYLE_USAGE(.BOTH.,#2705);
#2703=SURFACE_STYLE_USAGE(.BOTH.,#2706);
#2704=SURFACE_STYLE_USAGE(.BOTH.,#2707);
#2705=SURFACE_SIDE_STYLE('',(#2708));
#2706=SURFACE_SIDE_STYLE('',(#2709));
#2707=SURFACE_SIDE_STYLE('',(#2710));
#2708=SURFACE_STYLE_FILL_AREA(#2711);
#2709=SURFACE_STYLE_FILL_AREA(#2712);
#2710=SURFACE_STYLE_FILL_AREA(#2713);
#2711=FILL_AREA_STYLE('',(#2714));
#2712=FILL_AREA_STYLE('',(#2715));
#2713=FILL_AREA_STYLE('',(#2716));
#2714=FILL_AREA_STYLE_COLOUR('',#2717);
#2715=FILL_AREA_STYLE_COLOUR('',#10);
#2716=FILL_AREA_STYLE_COLOUR('',#2718);
#2717=COLOUR_RGB('',0.5,0.5,0.5);
#2718=COLOUR_RGB('',0.75,0.75,0.75);
#2719=MANIFOLD_SOLID_BREP('TMM-103-01-L-D_body',#2693);
#2720=MANIFOLD_SOLID_BREP('TMM-103-01-L-D_pins1',#2694);
#2721=MANIFOLD_SOLID_BREP('TMM-103-01-L-D_pins2',#2695);
#2722=SHAPE_DEFINITION_REPRESENTATION(#4305,#2726);
#2723=SHAPE_DEFINITION_REPRESENTATION(#4306,#2727);
#2724=SHAPE_DEFINITION_REPRESENTATION(#4308,#2728);
#2725=SHAPE_DEFINITION_REPRESENTATION(#4310,#2729);
#2726=SHAPE_REPRESENTATION('TMM-103-01-L-D',(#2730,#2765,#2824,#2883),#4291);
#2727=SHAPE_REPRESENTATION('TMM-103-01-L-D_body',(#2730),#4292);
#2728=SHAPE_REPRESENTATION('TMM-103-01-L-D_pins1',(#2730),#4293);
#2729=SHAPE_REPRESENTATION('TMM-103-01-L-D_pins2',(#2730),#4294);
#2730=AXIS2_PLACEMENT_3D('',#3552,#2884,#2885);
#2731=AXIS2_PLACEMENT_3D('',#3553,#2886,#2887);
#2732=AXIS2_PLACEMENT_3D('',#3562,#2892,#2893);
#2733=AXIS2_PLACEMENT_3D('',#3576,#2901,#2902);
#2734=AXIS2_PLACEMENT_3D('',#3580,#2905,#2906);
#2735=AXIS2_PLACEMENT_3D('',#3592,#2913,#2914);
#2736=AXIS2_PLACEMENT_3D('',#3601,#2919,#2920);
#2737=AXIS2_PLACEMENT_3D('',#3607,#2924,#2925);
#2738=AXIS2_PLACEMENT_3D('',#3613,#2929,#2930);
#2739=AXIS2_PLACEMENT_3D('',#3622,#2935,#2936);
#2740=AXIS2_PLACEMENT_3D('',#3628,#2940,#2941);
#2741=AXIS2_PLACEMENT_3D('',#3634,#2945,#2946);
#2742=AXIS2_PLACEMENT_3D('',#3643,#2951,#2952);
#2743=AXIS2_PLACEMENT_3D('',#3649,#2956,#2957);
#2744=AXIS2_PLACEMENT_3D('',#3655,#2961,#2962);
#2745=AXIS2_PLACEMENT_3D('',#3664,#2967,#2968);
#2746=AXIS2_PLACEMENT_3D('',#3670,#2972,#2973);
#2747=AXIS2_PLACEMENT_3D('',#3676,#2977,#2978);
#2748=AXIS2_PLACEMENT_3D('',#3685,#2983,#2984);
#2749=AXIS2_PLACEMENT_3D('',#3691,#2988,#2989);
#2750=AXIS2_PLACEMENT_3D('',#3697,#2993,#2994);
#2751=AXIS2_PLACEMENT_3D('',#3706,#2999,#3000);
#2752=AXIS2_PLACEMENT_3D('',#3712,#3004,#3005);
#2753=AXIS2_PLACEMENT_3D('',#3718,#3009,#3010);
#2754=AXIS2_PLACEMENT_3D('',#3721,#3013,#3014);
#2755=AXIS2_PLACEMENT_3D('',#3724,#3017,#3018);
#2756=AXIS2_PLACEMENT_3D('',#3727,#3021,#3022);
#2757=AXIS2_PLACEMENT_3D('',#3730,#3025,#3026);
#2758=AXIS2_PLACEMENT_3D('',#3733,#3029,#3030);
#2759=AXIS2_PLACEMENT_3D('',#3736,#3033,#3034);
#2760=AXIS2_PLACEMENT_3D('',#3739,#3037,#3038);
#2761=AXIS2_PLACEMENT_3D('',#3740,#3039,#3040);
#2762=AXIS2_PLACEMENT_3D('',#3742,#3042,#3043);
#2763=AXIS2_PLACEMENT_3D('',#3745,#3046,#3047);
#2764=AXIS2_PLACEMENT_3D('',#3746,#3048,#3049);
#2765=AXIS2_PLACEMENT_3D('',#3747,#3050,#3051);
#2766=AXIS2_PLACEMENT_3D('',#3748,#3052,#3053);
#2767=AXIS2_PLACEMENT_3D('',#3757,#3058,#3059);
#2768=AXIS2_PLACEMENT_3D('',#3766,#3064,#3065);
#2769=AXIS2_PLACEMENT_3D('',#3772,#3069,#3070);
#2770=AXIS2_PLACEMENT_3D('',#3778,#3074,#3075);
#2771=AXIS2_PLACEMENT_3D('',#3784,#3079,#3080);
#2772=AXIS2_PLACEMENT_3D('',#3790,#3084,#3085);
#2773=AXIS2_PLACEMENT_3D('',#3796,#3089,#3090);
#2774=AXIS2_PLACEMENT_3D('',#3802,#3094,#3095);
#2775=AXIS2_PLACEMENT_3D('',#3808,#3099,#3100);
#2776=AXIS2_PLACEMENT_3D('',#3814,#3104,#3105);
#2777=AXIS2_PLACEMENT_3D('',#3823,#3110,#3111);
#2778=AXIS2_PLACEMENT_3D('',#3832,#3116,#3117);
#2779=AXIS2_PLACEMENT_3D('',#3838,#3121,#3122);
#2780=AXIS2_PLACEMENT_3D('',#3844,#3126,#3127);
#2781=AXIS2_PLACEMENT_3D('',#3850,#3131,#3132);
#2782=AXIS2_PLACEMENT_3D('',#3856,#3136,#3137);
#2783=AXIS2_PLACEMENT_3D('',#3862,#3141,#3142);
#2784=AXIS2_PLACEMENT_3D('',#3868,#3146,#3147);
#2785=AXIS2_PLACEMENT_3D('',#3874,#3151,#3152);
#2786=AXIS2_PLACEMENT_3D('',#3880,#3156,#3157);
#2787=AXIS2_PLACEMENT_3D('',#3889,#3162,#3163);
#2788=AXIS2_PLACEMENT_3D('',#3895,#3167,#3168);
#2789=AXIS2_PLACEMENT_3D('',#3901,#3172,#3173);
#2790=AXIS2_PLACEMENT_3D('',#3910,#3178,#3179);
#2791=AXIS2_PLACEMENT_3D('',#3916,#3183,#3184);
#2792=AXIS2_PLACEMENT_3D('',#3922,#3188,#3189);
#2793=AXIS2_PLACEMENT_3D('',#3928,#3193,#3194);
#2794=AXIS2_PLACEMENT_3D('',#3934,#3198,#3199);
#2795=AXIS2_PLACEMENT_3D('',#3943,#3204,#3205);
#2796=AXIS2_PLACEMENT_3D('',#3949,#3209,#3210);
#2797=AXIS2_PLACEMENT_3D('',#3955,#3214,#3215);
#2798=AXIS2_PLACEMENT_3D('',#3961,#3219,#3220);
#2799=AXIS2_PLACEMENT_3D('',#3967,#3224,#3225);
#2800=AXIS2_PLACEMENT_3D('',#3982,#3240,#3241);
#2801=AXIS2_PLACEMENT_3D('',#3983,#3242,#3243);
#2802=AXIS2_PLACEMENT_3D('',#3986,#3246,#3247);
#2803=AXIS2_PLACEMENT_3D('',#3987,#3248,#3249);
#2804=AXIS2_PLACEMENT_3D('',#3988,#3250,#3251);
#2805=AXIS2_PLACEMENT_3D('',#3990,#3253,#3254);
#2806=AXIS2_PLACEMENT_3D('',#3991,#3255,#3256);
#2807=AXIS2_PLACEMENT_3D('',#3993,#3258,#3259);
#2808=AXIS2_PLACEMENT_3D('',#3994,#3260,#3261);
#2809=AXIS2_PLACEMENT_3D('',#3996,#3263,#3264);
#2810=AXIS2_PLACEMENT_3D('',#3998,#3266,#3267);
#2811=AXIS2_PLACEMENT_3D('',#3999,#3268,#3269);
#2812=AXIS2_PLACEMENT_3D('',#4000,#3270,#3271);
#2813=AXIS2_PLACEMENT_3D('',#4002,#3273,#3274);
#2814=AXIS2_PLACEMENT_3D('',#4004,#3276,#3277);
#2815=AXIS2_PLACEMENT_3D('',#4005,#3278,#3279);
#2816=AXIS2_PLACEMENT_3D('',#4006,#3280,#3281);
#2817=AXIS2_PLACEMENT_3D('',#4008,#3283,#3284);
#2818=AXIS2_PLACEMENT_3D('',#4010,#3286,#3287);
#2819=AXIS2_PLACEMENT_3D('',#4011,#3288,#3289);
#2820=AXIS2_PLACEMENT_3D('',#4012,#3290,#3291);
#2821=AXIS2_PLACEMENT_3D('',#4014,#3293,#3294);
#2822=AXIS2_PLACEMENT_3D('',#4016,#3296,#3297);
#2823=AXIS2_PLACEMENT_3D('',#4017,#3298,#3299);
#2824=AXIS2_PLACEMENT_3D('',#4018,#3300,#3301);
#2825=AXIS2_PLACEMENT_3D('',#4019,#3302,#3303);
#2826=AXIS2_PLACEMENT_3D('',#4028,#3308,#3309);
#2827=AXIS2_PLACEMENT_3D('',#4037,#3314,#3315);
#2828=AXIS2_PLACEMENT_3D('',#4043,#3319,#3320);
#2829=AXIS2_PLACEMENT_3D('',#4049,#3324,#3325);
#2830=AXIS2_PLACEMENT_3D('',#4055,#3329,#3330);
#2831=AXIS2_PLACEMENT_3D('',#4061,#3334,#3335);
#2832=AXIS2_PLACEMENT_3D('',#4067,#3339,#3340);
#2833=AXIS2_PLACEMENT_3D('',#4073,#3344,#3345);
#2834=AXIS2_PLACEMENT_3D('',#4079,#3349,#3350);
#2835=AXIS2_PLACEMENT_3D('',#4085,#3354,#3355);
#2836=AXIS2_PLACEMENT_3D('',#4094,#3360,#3361);
#2837=AXIS2_PLACEMENT_3D('',#4103,#3366,#3367);
#2838=AXIS2_PLACEMENT_3D('',#4109,#3371,#3372);
#2839=AXIS2_PLACEMENT_3D('',#4115,#3376,#3377);
#2840=AXIS2_PLACEMENT_3D('',#4121,#3381,#3382);
#2841=AXIS2_PLACEMENT_3D('',#4127,#3386,#3387);
#2842=AXIS2_PLACEMENT_3D('',#4133,#3391,#3392);
#2843=AXIS2_PLACEMENT_3D('',#4139,#3396,#3397);
#2844=AXIS2_PLACEMENT_3D('',#4145,#3401,#3402);
#2845=AXIS2_PLACEMENT_3D('',#4151,#3406,#3407);
#2846=AXIS2_PLACEMENT_3D('',#4160,#3412,#3413);
#2847=AXIS2_PLACEMENT_3D('',#4169,#3418,#3419);
#2848=AXIS2_PLACEMENT_3D('',#4175,#3423,#3424);
#2849=AXIS2_PLACEMENT_3D('',#4181,#3428,#3429);
#2850=AXIS2_PLACEMENT_3D('',#4187,#3433,#3434);
#2851=AXIS2_PLACEMENT_3D('',#4193,#3438,#3439);
#2852=AXIS2_PLACEMENT_3D('',#4202,#3444,#3445);
#2853=AXIS2_PLACEMENT_3D('',#4208,#3449,#3450);
#2854=AXIS2_PLACEMENT_3D('',#4214,#3454,#3455);
#2855=AXIS2_PLACEMENT_3D('',#4220,#3459,#3460);
#2856=AXIS2_PLACEMENT_3D('',#4226,#3464,#3465);
#2857=AXIS2_PLACEMENT_3D('',#4244,#3481,#3482);
#2858=AXIS2_PLACEMENT_3D('',#4250,#3486,#3487);
#2859=AXIS2_PLACEMENT_3D('',#4253,#3490,#3491);
#2860=AXIS2_PLACEMENT_3D('',#4254,#3492,#3493);
#2861=AXIS2_PLACEMENT_3D('',#4257,#3496,#3497);
#2862=AXIS2_PLACEMENT_3D('',#4258,#3498,#3499);
#2863=AXIS2_PLACEMENT_3D('',#4259,#3500,#3501);
#2864=AXIS2_PLACEMENT_3D('',#4261,#3503,#3504);
#2865=AXIS2_PLACEMENT_3D('',#4262,#3505,#3506);
#2866=AXIS2_PLACEMENT_3D('',#4264,#3508,#3509);
#2867=AXIS2_PLACEMENT_3D('',#4265,#3510,#3511);
#2868=AXIS2_PLACEMENT_3D('',#4267,#3513,#3514);
#2869=AXIS2_PLACEMENT_3D('',#4269,#3516,#3517);
#2870=AXIS2_PLACEMENT_3D('',#4270,#3518,#3519);
#2871=AXIS2_PLACEMENT_3D('',#4271,#3520,#3521);
#2872=AXIS2_PLACEMENT_3D('',#4273,#3523,#3524);
#2873=AXIS2_PLACEMENT_3D('',#4275,#3526,#3527);
#2874=AXIS2_PLACEMENT_3D('',#4276,#3528,#3529);
#2875=AXIS2_PLACEMENT_3D('',#4277,#3530,#3531);
#2876=AXIS2_PLACEMENT_3D('',#4279,#3533,#3534);
#2877=AXIS2_PLACEMENT_3D('',#4281,#3536,#3537);
#2878=AXIS2_PLACEMENT_3D('',#4282,#3538,#3539);
#2879=AXIS2_PLACEMENT_3D('',#4283,#3540,#3541);
#2880=AXIS2_PLACEMENT_3D('',#4285,#3543,#3544);
#2881=AXIS2_PLACEMENT_3D('',#4287,#3546,#3547);
#2882=AXIS2_PLACEMENT_3D('',#4288,#3548,#3549);
#2883=AXIS2_PLACEMENT_3D('',#4289,#3550,#3551);
#2884=DIRECTION('',(0.,0.,1.));
#2885=DIRECTION('',(1.,0.,0.));
#2886=DIRECTION('',(0.,1.,0.));
#2887=DIRECTION('',(0.,0.,1.));
#2888=DIRECTION('',(0.,0.,1.));
#2889=DIRECTION('',(1.,0.,0.));
#2890=DIRECTION('',(0.,0.,-1.));
#2891=DIRECTION('',(1.,0.,0.));
#2892=DIRECTION('',(1.,0.,0.));
#2893=DIRECTION('',(0.,0.,-1.));
#2894=DIRECTION('',(0.,0.,1.));
#2895=DIRECTION('',(0.,-1.,-5.97591748614058E-15));
#2896=DIRECTION('',(0.,-1.,0.));
#2897=DIRECTION('',(0.,0.,1.));
#2898=DIRECTION('',(0.,-1.,0.));
#2899=DIRECTION('',(0.,0.,1.));
#2900=DIRECTION('',(0.,1.,0.));
#2901=DIRECTION('',(0.,0.,-1.));
#2902=DIRECTION('',(-1.,0.,0.));
#2903=DIRECTION('',(0.,-1.,0.));
#2904=DIRECTION('',(1.,0.,0.));
#2905=DIRECTION('',(-1.,0.,0.));
#2906=DIRECTION('',(0.,0.,1.));
#2907=DIRECTION('',(0.,-1.,-5.97591748614058E-15));
#2908=DIRECTION('',(0.,0.,1.));
#2909=DIRECTION('',(0.,1.,0.));
#2910=DIRECTION('',(0.,0.,-1.));
#2911=DIRECTION('',(0.,-1.,0.));
#2912=DIRECTION('',(0.,0.,-1.));
#2913=DIRECTION('',(1.,0.,0.));
#2914=DIRECTION('',(0.,0.,-1.));
#2915=DIRECTION('',(0.,0.,1.));
#2916=DIRECTION('',(0.,-1.,0.));
#2917=DIRECTION('',(0.,0.,1.));
#2918=DIRECTION('',(0.,-1.,0.));
#2919=DIRECTION('',(0.,0.,1.));
#2920=DIRECTION('',(1.,0.,0.));
#2921=DIRECTION('',(-1.,0.,0.));
#2922=DIRECTION('',(0.,-1.,0.));
#2923=DIRECTION('',(-1.,0.,0.));
#2924=DIRECTION('',(-1.,0.,0.));
#2925=DIRECTION('',(0.,0.,1.));
#2926=DIRECTION('',(0.,0.,-1.));
#2927=DIRECTION('',(0.,-1.,0.));
#2928=DIRECTION('',(0.,0.,-1.));
#2929=DIRECTION('',(1.,0.,0.));
#2930=DIRECTION('',(0.,0.,-1.));
#2931=DIRECTION('',(0.,0.,1.));
#2932=DIRECTION('',(0.,-1.,0.));
#2933=DIRECTION('',(0.,0.,1.));
#2934=DIRECTION('',(0.,-1.,0.));
#2935=DIRECTION('',(0.,0.,1.));
#2936=DIRECTION('',(1.,0.,0.));
#2937=DIRECTION('',(-1.,0.,0.));
#2938=DIRECTION('',(0.,-1.,0.));
#2939=DIRECTION('',(-1.,0.,0.));
#2940=DIRECTION('',(-1.,0.,0.));
#2941=DIRECTION('',(0.,0.,1.));
#2942=DIRECTION('',(0.,0.,-1.));
#2943=DIRECTION('',(0.,-1.,0.));
#2944=DIRECTION('',(0.,0.,-1.));
#2945=DIRECTION('',(1.,0.,0.));
#2946=DIRECTION('',(0.,0.,-1.));
#2947=DIRECTION('',(0.,0.,1.));
#2948=DIRECTION('',(0.,-1.,0.));
#2949=DIRECTION('',(0.,0.,1.));
#2950=DIRECTION('',(0.,-1.,0.));
#2951=DIRECTION('',(0.,0.,1.));
#2952=DIRECTION('',(1.,0.,0.));
#2953=DIRECTION('',(-1.,0.,0.));
#2954=DIRECTION('',(0.,-1.,0.));
#2955=DIRECTION('',(-1.,0.,0.));
#2956=DIRECTION('',(-1.,0.,0.));
#2957=DIRECTION('',(0.,0.,1.));
#2958=DIRECTION('',(0.,0.,-1.));
#2959=DIRECTION('',(0.,-1.,0.));
#2960=DIRECTION('',(0.,0.,-1.));
#2961=DIRECTION('',(1.,0.,0.));
#2962=DIRECTION('',(0.,0.,-1.));
#2963=DIRECTION('',(0.,0.,1.));
#2964=DIRECTION('',(0.,-1.,0.));
#2965=DIRECTION('',(0.,0.,1.));
#2966=DIRECTION('',(0.,-1.,0.));
#2967=DIRECTION('',(0.,0.,1.));
#2968=DIRECTION('',(1.,0.,0.));
#2969=DIRECTION('',(-1.,0.,0.));
#2970=DIRECTION('',(0.,-1.,0.));
#2971=DIRECTION('',(-1.,0.,0.));
#2972=DIRECTION('',(-1.,0.,0.));
#2973=DIRECTION('',(0.,0.,1.));
#2974=DIRECTION('',(0.,0.,-1.));
#2975=DIRECTION('',(0.,-1.,0.));
#2976=DIRECTION('',(0.,0.,-1.));
#2977=DIRECTION('',(1.,0.,0.));
#2978=DIRECTION('',(0.,0.,-1.));
#2979=DIRECTION('',(0.,0.,1.));
#2980=DIRECTION('',(0.,-1.,0.));
#2981=DIRECTION('',(0.,0.,1.));
#2982=DIRECTION('',(0.,-1.,0.));
#2983=DIRECTION('',(0.,0.,1.));
#2984=DIRECTION('',(1.,0.,0.));
#2985=DIRECTION('',(-1.,0.,0.));
#2986=DIRECTION('',(0.,-1.,0.));
#2987=DIRECTION('',(-1.,0.,0.));
#2988=DIRECTION('',(-1.,0.,0.));
#2989=DIRECTION('',(0.,0.,1.));
#2990=DIRECTION('',(0.,0.,-1.));
#2991=DIRECTION('',(0.,-1.,0.));
#2992=DIRECTION('',(0.,0.,-1.));
#2993=DIRECTION('',(1.,0.,0.));
#2994=DIRECTION('',(0.,0.,-1.));
#2995=DIRECTION('',(0.,0.,1.));
#2996=DIRECTION('',(0.,-1.,0.));
#2997=DIRECTION('',(0.,0.,1.));
#2998=DIRECTION('',(0.,-1.,0.));
#2999=DIRECTION('',(0.,0.,1.));
#3000=DIRECTION('',(1.,0.,0.));
#3001=DIRECTION('',(-1.,0.,0.));
#3002=DIRECTION('',(0.,-1.,0.));
#3003=DIRECTION('',(-1.,0.,0.));
#3004=DIRECTION('',(-1.,0.,0.));
#3005=DIRECTION('',(0.,0.,1.));
#3006=DIRECTION('',(0.,0.,-1.));
#3007=DIRECTION('',(0.,-1.,0.));
#3008=DIRECTION('',(0.,0.,-1.));
#3009=DIRECTION('',(0.,0.,-1.));
#3010=DIRECTION('',(-1.,0.,0.));
#3011=DIRECTION('',(1.,0.,0.));
#3012=DIRECTION('',(1.,0.,0.));
#3013=DIRECTION('',(0.,0.,-1.));
#3014=DIRECTION('',(-1.,0.,0.));
#3015=DIRECTION('',(1.,0.,0.));
#3016=DIRECTION('',(1.,0.,0.));
#3017=DIRECTION('',(0.,0.,-1.));
#3018=DIRECTION('',(-1.,0.,0.));
#3019=DIRECTION('',(1.,0.,0.));
#3020=DIRECTION('',(1.,0.,0.));
#3021=DIRECTION('',(0.,0.,-1.));
#3022=DIRECTION('',(-1.,0.,0.));
#3023=DIRECTION('',(1.,0.,0.));
#3024=DIRECTION('',(1.,0.,0.));
#3025=DIRECTION('',(0.,0.,-1.));
#3026=DIRECTION('',(-1.,0.,0.));
#3027=DIRECTION('',(1.,0.,0.));
#3028=DIRECTION('',(1.,0.,0.));
#3029=DIRECTION('',(0.,0.,-1.));
#3030=DIRECTION('',(-1.,0.,0.));
#3031=DIRECTION('',(1.,0.,0.));
#3032=DIRECTION('',(1.,0.,0.));
#3033=DIRECTION('',(0.,0.,1.));
#3034=DIRECTION('',(1.,0.,0.));
#3035=DIRECTION('',(-1.,0.,0.));
#3036=DIRECTION('',(-1.,0.,0.));
#3037=DIRECTION('',(0.,1.,0.));
#3038=DIRECTION('',(0.,0.,1.));
#3039=DIRECTION('',(0.,1.,0.));
#3040=DIRECTION('',(0.,0.,1.));
#3041=DIRECTION('',(1.,0.,0.));
#3042=DIRECTION('',(0.,1.,0.));
#3043=DIRECTION('',(0.,0.,1.));
#3044=DIRECTION('',(1.,0.,0.));
#3045=DIRECTION('',(1.,0.,0.));
#3046=DIRECTION('',(0.,-5.97591748614058E-15,1.));
#3047=DIRECTION('',(0.,-1.,-5.97591748614058E-15));
#3048=DIRECTION('',(0.,0.,-1.));
#3049=DIRECTION('',(-1.,0.,0.));
#3050=DIRECTION('',(0.,0.,1.));
#3051=DIRECTION('',(1.,0.,0.));
#3052=DIRECTION('',(0.,0.,1.));
#3053=DIRECTION('',(1.,0.,0.));
#3054=DIRECTION('',(-1.,0.,0.));
#3055=DIRECTION('',(0.,-1.,0.));
#3056=DIRECTION('',(-1.,0.,0.));
#3057=DIRECTION('',(0.,1.,0.));
#3058=DIRECTION('',(0.,0.,1.));
#3059=DIRECTION('',(1.,0.,0.));
#3060=DIRECTION('',(-1.,0.,0.));
#3061=DIRECTION('',(0.,1.,0.));
#3062=DIRECTION('',(-1.,0.,0.));
#3063=DIRECTION('',(0.,-1.,0.));
#3064=DIRECTION('',(0.,-0.447213595499957,0.894427190999916));
#3065=DIRECTION('',(0.,-0.894427190999917,-0.447213595499957));
#3066=DIRECTION('',(0.408248290463862,0.816496580927727,0.408248290463862));
#3067=DIRECTION('',(-1.,0.,0.));
#3068=DIRECTION('',(0.408248290463863,-0.816496580927727,-0.408248290463862));
#3069=DIRECTION('',(0.,-0.447213595499957,0.894427190999916));
#3070=DIRECTION('',(0.,-0.894427190999917,-0.447213595499957));
#3071=DIRECTION('',(0.408248290463862,0.816496580927727,0.408248290463862));
#3072=DIRECTION('',(-1.,0.,0.));
#3073=DIRECTION('',(0.408248290463862,-0.816496580927727,-0.408248290463862));
#3074=DIRECTION('',(0.,-1.,0.));
#3075=DIRECTION('',(0.,0.,-1.));
#3076=DIRECTION('',(0.,0.,-1.));
#3077=DIRECTION('',(-1.,0.,0.));
#3078=DIRECTION('',(0.,0.,-1.));
#3079=DIRECTION('',(0.,-1.,0.));
#3080=DIRECTION('',(0.,0.,-1.));
#3081=DIRECTION('',(0.,0.,-1.));
#3082=DIRECTION('',(-1.,0.,0.));
#3083=DIRECTION('',(0.,0.,-1.));
#3084=DIRECTION('',(0.,-0.447213595499957,-0.894427190999916));
#3085=DIRECTION('',(0.,0.894427190999917,-0.447213595499957));
#3086=DIRECTION('',(-0.408248290463862,-0.816496580927727,0.408248290463862));
#3087=DIRECTION('',(-1.,0.,0.));
#3088=DIRECTION('',(-0.408248290463863,0.816496580927727,-0.408248290463862));
#3089=DIRECTION('',(0.,-0.447213595499957,-0.894427190999916));
#3090=DIRECTION('',(0.,0.894427190999917,-0.447213595499957));
#3091=DIRECTION('',(-0.408248290463862,-0.816496580927727,0.408248290463862));
#3092=DIRECTION('',(-1.,0.,0.));
#3093=DIRECTION('',(-0.408248290463862,0.816496580927727,-0.408248290463862));
#3094=DIRECTION('',(0.,0.,-1.));
#3095=DIRECTION('',(-1.,0.,0.));
#3096=DIRECTION('',(-1.,0.,0.));
#3097=DIRECTION('',(0.,1.,0.));
#3098=DIRECTION('',(0.,-1.,0.));
#3099=DIRECTION('',(0.,0.,-1.));
#3100=DIRECTION('',(-1.,0.,0.));
#3101=DIRECTION('',(0.,-1.,0.));
#3102=DIRECTION('',(-1.,0.,0.));
#3103=DIRECTION('',(0.,1.,0.));
#3104=DIRECTION('',(0.,0.,1.));
#3105=DIRECTION('',(1.,0.,0.));
#3106=DIRECTION('',(-1.,0.,0.));
#3107=DIRECTION('',(0.,-1.,0.));
#3108=DIRECTION('',(-1.,0.,0.));
#3109=DIRECTION('',(0.,1.,0.));
#3110=DIRECTION('',(0.,0.,1.));
#3111=DIRECTION('',(1.,0.,0.));
#3112=DIRECTION('',(-1.,0.,0.));
#3113=DIRECTION('',(0.,1.,0.));
#3114=DIRECTION('',(-1.,0.,0.));
#3115=DIRECTION('',(0.,-1.,0.));
#3116=DIRECTION('',(0.,-0.447213595499957,0.894427190999916));
#3117=DIRECTION('',(0.,-0.894427190999917,-0.447213595499957));
#3118=DIRECTION('',(0.408248290463862,0.816496580927727,0.408248290463862));
#3119=DIRECTION('',(-1.,0.,0.));
#3120=DIRECTION('',(0.408248290463863,-0.816496580927727,-0.408248290463862));
#3121=DIRECTION('',(0.,-0.447213595499957,0.894427190999916));
#3122=DIRECTION('',(0.,-0.894427190999917,-0.447213595499957));
#3123=DIRECTION('',(0.408248290463862,0.816496580927727,0.408248290463862));
#3124=DIRECTION('',(-1.,0.,0.));
#3125=DIRECTION('',(0.408248290463862,-0.816496580927727,-0.408248290463862));
#3126=DIRECTION('',(0.,-1.,0.));
#3127=DIRECTION('',(0.,0.,-1.));
#3128=DIRECTION('',(0.,0.,-1.));
#3129=DIRECTION('',(-1.,0.,0.));
#3130=DIRECTION('',(0.,0.,-1.));
#3131=DIRECTION('',(0.,-1.,0.));
#3132=DIRECTION('',(0.,0.,-1.));
#3133=DIRECTION('',(0.,0.,-1.));
#3134=DIRECTION('',(-1.,0.,0.));
#3135=DIRECTION('',(0.,0.,-1.));
#3136=DIRECTION('',(0.,-0.447213595499957,-0.894427190999916));
#3137=DIRECTION('',(0.,0.894427190999917,-0.447213595499957));
#3138=DIRECTION('',(-0.408248290463862,-0.816496580927727,0.408248290463862));
#3139=DIRECTION('',(-1.,0.,0.));
#3140=DIRECTION('',(-0.408248290463863,0.816496580927727,-0.408248290463862));
#3141=DIRECTION('',(0.,-0.447213595499957,-0.894427190999916));
#3142=DIRECTION('',(0.,0.894427190999917,-0.447213595499957));
#3143=DIRECTION('',(-0.408248290463862,-0.816496580927727,0.408248290463862));
#3144=DIRECTION('',(-1.,0.,0.));
#3145=DIRECTION('',(-0.408248290463862,0.816496580927727,-0.408248290463862));
#3146=DIRECTION('',(0.,0.,-1.));
#3147=DIRECTION('',(-1.,0.,0.));
#3148=DIRECTION('',(-1.,0.,0.));
#3149=DIRECTION('',(0.,1.,0.));
#3150=DIRECTION('',(0.,-1.,0.));
#3151=DIRECTION('',(0.,0.,-1.));
#3152=DIRECTION('',(-1.,0.,0.));
#3153=DIRECTION('',(0.,-1.,0.));
#3154=DIRECTION('',(-1.,0.,0.));
#3155=DIRECTION('',(0.,1.,0.));
#3156=DIRECTION('',(0.,0.,-1.));
#3157=DIRECTION('',(-1.,0.,0.));
#3158=DIRECTION('',(0.,-1.,0.));
#3159=DIRECTION('',(-1.,0.,0.));
#3160=DIRECTION('',(0.,-1.,0.));
#3161=DIRECTION('',(-1.,0.,0.));
#3162=DIRECTION('',(0.,1.,0.));
#3163=DIRECTION('',(0.,0.,1.));
#3164=DIRECTION('',(0.,0.,-1.));
#3165=DIRECTION('',(-1.,0.,0.));
#3166=DIRECTION('',(0.,0.,-1.));
#3167=DIRECTION('',(0.,1.89711666226685E-15,1.));
#3168=DIRECTION('',(0.,-1.,1.89711666226685E-15));
#3169=DIRECTION('',(0.,1.,-1.89711666226685E-15));
#3170=DIRECTION('',(-1.,0.,0.));
#3171=DIRECTION('',(0.,1.,-1.89711666226685E-15));
#3172=DIRECTION('',(0.,0.,1.));
#3173=DIRECTION('',(1.,0.,0.));
#3174=DIRECTION('',(-1.,0.,0.));
#3175=DIRECTION('',(0.,1.,0.));
#3176=DIRECTION('',(-1.,0.,0.));
#3177=DIRECTION('',(0.,-1.,0.));
#3178=DIRECTION('',(0.,-0.447213595499957,0.894427190999916));
#3179=DIRECTION('',(0.,-0.894427190999917,-0.447213595499957));
#3180=DIRECTION('',(0.408248290463861,0.816496580927727,0.408248290463862));
#3181=DIRECTION('',(-1.,0.,0.));
#3182=DIRECTION('',(0.408248290463862,-0.816496580927727,-0.408248290463862));
#3183=DIRECTION('',(0.,-1.,0.));
#3184=DIRECTION('',(0.,0.,-1.));
#3185=DIRECTION('',(0.,0.,-1.));
#3186=DIRECTION('',(-1.,0.,0.));
#3187=DIRECTION('',(0.,0.,-1.));
#3188=DIRECTION('',(0.,-0.447213595499957,-0.894427190999916));
#3189=DIRECTION('',(0.,0.894427190999917,-0.447213595499957));
#3190=DIRECTION('',(-0.408248290463861,-0.816496580927727,0.408248290463862));
#3191=DIRECTION('',(-1.,0.,0.));
#3192=DIRECTION('',(-0.408248290463862,0.816496580927727,-0.408248290463862));
#3193=DIRECTION('',(0.,0.,-1.));
#3194=DIRECTION('',(-1.,0.,0.));
#3195=DIRECTION('',(0.,-1.,0.));
#3196=DIRECTION('',(-1.,0.,0.));
#3197=DIRECTION('',(0.,1.,0.));
#3198=DIRECTION('',(0.,0.,1.));
#3199=DIRECTION('',(1.,0.,0.));
#3200=DIRECTION('',(-1.,0.,0.));
#3201=DIRECTION('',(0.,1.,0.));
#3202=DIRECTION('',(-1.,0.,0.));
#3203=DIRECTION('',(0.,-1.,0.));
#3204=DIRECTION('',(0.,-0.447213595499957,0.894427190999916));
#3205=DIRECTION('',(0.,-0.894427190999917,-0.447213595499957));
#3206=DIRECTION('',(0.408248290463861,0.816496580927727,0.408248290463862));
#3207=DIRECTION('',(-1.,0.,0.));
#3208=DIRECTION('',(0.408248290463862,-0.816496580927727,-0.408248290463862));
#3209=DIRECTION('',(0.,-1.,0.));
#3210=DIRECTION('',(0.,0.,-1.));
#3211=DIRECTION('',(0.,0.,-1.));
#3212=DIRECTION('',(-1.,0.,0.));
#3213=DIRECTION('',(0.,0.,-1.));
#3214=DIRECTION('',(0.,-0.447213595499957,-0.894427190999916));
#3215=DIRECTION('',(0.,0.894427190999917,-0.447213595499957));
#3216=DIRECTION('',(-0.408248290463861,-0.816496580927727,0.408248290463862));
#3217=DIRECTION('',(-1.,0.,0.));
#3218=DIRECTION('',(-0.408248290463862,0.816496580927727,-0.408248290463862));
#3219=DIRECTION('',(0.,0.,-1.));
#3220=DIRECTION('',(-1.,0.,0.));
#3221=DIRECTION('',(0.,-1.,0.));
#3222=DIRECTION('',(-1.,0.,0.));
#3223=DIRECTION('',(0.,1.,0.));
#3224=DIRECTION('',(0.,-1.,-1.05006457321043E-15));
#3225=DIRECTION('',(0.,1.05006457321043E-15,-1.));
#3226=DIRECTION('',(0.,0.,-1.));
#3227=DIRECTION('',(0.,0.,-1.));
#3228=DIRECTION('',(0.,0.,-1.));
#3229=DIRECTION('',(0.,0.,-1.));
#3230=DIRECTION('',(0.,0.,-1.));
#3231=DIRECTION('',(0.,0.,-1.));
#3232=DIRECTION('',(0.,0.,-1.));
#3233=DIRECTION('',(0.,0.,-1.));
#3234=DIRECTION('',(0.,0.,1.));
#3235=DIRECTION('',(0.,0.,-1.));
#3236=DIRECTION('',(0.,-1.45335801501546E-16,1.));
#3237=DIRECTION('',(0.,0.,-1.));
#3238=DIRECTION('',(0.,-1.05006457321043E-15,1.));
#3239=DIRECTION('',(0.,0.,1.));
#3240=DIRECTION('',(1.,0.,0.));
#3241=DIRECTION('',(0.,0.,-1.));
#3242=DIRECTION('',(1.,0.,0.));
#3243=DIRECTION('',(0.,0.,-1.));
#3244=DIRECTION('',(0.,0.,-1.));
#3245=DIRECTION('',(0.,0.,-1.));
#3246=DIRECTION('',(0.894427190999917,-0.447213595499957,0.));
#3247=DIRECTION('',(0.447213595499957,0.894427190999917,0.));
#3248=DIRECTION('',(0.894427190999917,-0.447213595499957,0.));
#3249=DIRECTION('',(0.447213595499957,0.894427190999917,0.));
#3250=DIRECTION('',(-1.,0.,0.));
#3251=DIRECTION('',(0.,0.,1.));
#3252=DIRECTION('',(0.,0.,-1.));
#3253=DIRECTION('',(-0.894427190999917,-0.447213595499957,0.));
#3254=DIRECTION('',(0.447213595499957,-0.894427190999917,0.));
#3255=DIRECTION('',(-1.,0.,0.));
#3256=DIRECTION('',(0.,0.,1.));
#3257=DIRECTION('',(0.,0.,-1.));
#3258=DIRECTION('',(-0.894427190999917,-0.447213595499957,0.));
#3259=DIRECTION('',(0.447213595499957,-0.894427190999917,0.));
#3260=DIRECTION('',(1.,0.,0.));
#3261=DIRECTION('',(0.,0.,-1.));
#3262=DIRECTION('',(0.,0.,-1.));
#3263=DIRECTION('',(-1.,0.,0.));
#3264=DIRECTION('',(0.,0.,1.));
#3265=DIRECTION('',(0.,0.,-1.));
#3266=DIRECTION('',(0.894427190999917,-0.447213595499956,0.));
#3267=DIRECTION('',(0.447213595499956,0.894427190999917,0.));
#3268=DIRECTION('',(-0.894427190999917,-0.447213595499957,0.));
#3269=DIRECTION('',(0.447213595499957,-0.894427190999917,0.));
#3270=DIRECTION('',(1.,0.,0.));
#3271=DIRECTION('',(0.,0.,-1.));
#3272=DIRECTION('',(0.,0.,-1.));
#3273=DIRECTION('',(-1.,0.,0.));
#3274=DIRECTION('',(0.,0.,1.));
#3275=DIRECTION('',(0.,0.,-1.));
#3276=DIRECTION('',(0.894427190999917,-0.447213595499956,0.));
#3277=DIRECTION('',(0.447213595499956,0.894427190999917,0.));
#3278=DIRECTION('',(-0.894427190999916,-0.447213595499957,0.));
#3279=DIRECTION('',(0.447213595499957,-0.894427190999916,0.));
#3280=DIRECTION('',(1.,0.,0.));
#3281=DIRECTION('',(0.,0.,-1.));
#3282=DIRECTION('',(0.,0.,-1.));
#3283=DIRECTION('',(-1.,0.,0.));
#3284=DIRECTION('',(0.,0.,1.));
#3285=DIRECTION('',(0.,0.,-1.));
#3286=DIRECTION('',(0.894427190999917,-0.447213595499956,0.));
#3287=DIRECTION('',(0.447213595499956,0.894427190999917,0.));
#3288=DIRECTION('',(-0.894427190999917,-0.447213595499957,0.));
#3289=DIRECTION('',(0.447213595499957,-0.894427190999917,0.));
#3290=DIRECTION('',(-0.894427190999916,-0.447213595499957,0.));
#3291=DIRECTION('',(0.447213595499957,-0.894427190999916,0.));
#3292=DIRECTION('',(0.,0.,-1.));
#3293=DIRECTION('',(0.894427190999917,-0.447213595499956,0.));
#3294=DIRECTION('',(0.447213595499956,0.894427190999917,0.));
#3295=DIRECTION('',(0.,0.,-1.));
#3296=DIRECTION('',(-1.,0.,0.));
#3297=DIRECTION('',(0.,0.,1.));
#3298=DIRECTION('',(1.,0.,0.));
#3299=DIRECTION('',(0.,0.,-1.));
#3300=DIRECTION('',(0.,0.,1.));
#3301=DIRECTION('',(1.,0.,0.));
#3302=DIRECTION('',(0.,0.,-1.));
#3303=DIRECTION('',(-1.,0.,0.));
#3304=DIRECTION('',(-1.,0.,0.));
#3305=DIRECTION('',(0.,1.,0.));
#3306=DIRECTION('',(-1.,0.,0.));
#3307=DIRECTION('',(0.,-1.,0.));
#3308=DIRECTION('',(0.,0.,-1.));
#3309=DIRECTION('',(-1.,0.,0.));
#3310=DIRECTION('',(-1.,0.,0.));
#3311=DIRECTION('',(0.,1.,0.));
#3312=DIRECTION('',(-1.,0.,0.));
#3313=DIRECTION('',(0.,-1.,0.));
#3314=DIRECTION('',(0.,0.447213595499958,-0.894427190999916));
#3315=DIRECTION('',(0.,0.894427190999916,0.447213595499958));
#3316=DIRECTION('',(-1.,0.,0.));
#3317=DIRECTION('',(0.408248290463863,0.816496580927726,0.408248290463863));
#3318=DIRECTION('',(0.408248290463862,-0.816496580927726,-0.408248290463863));
#3319=DIRECTION('',(0.,0.447213595499958,-0.894427190999916));
#3320=DIRECTION('',(0.,0.894427190999916,0.447213595499958));
#3321=DIRECTION('',(-1.,0.,0.));
#3322=DIRECTION('',(0.408248290463863,0.816496580927726,0.408248290463863));
#3323=DIRECTION('',(0.408248290463863,-0.816496580927726,-0.408248290463863));
#3324=DIRECTION('',(0.,1.,0.));
#3325=DIRECTION('',(0.,0.,1.));
#3326=DIRECTION('',(-1.,0.,0.));
#3327=DIRECTION('',(0.,0.,-1.));
#3328=DIRECTION('',(0.,0.,-1.));
#3329=DIRECTION('',(0.,1.,0.));
#3330=DIRECTION('',(0.,0.,1.));
#3331=DIRECTION('',(-1.,0.,0.));
#3332=DIRECTION('',(0.,0.,-1.));
#3333=DIRECTION('',(0.,0.,-1.));
#3334=DIRECTION('',(0.,0.447213595499958,0.894427190999916));
#3335=DIRECTION('',(0.,-0.894427190999916,0.447213595499958));
#3336=DIRECTION('',(-1.,0.,0.));
#3337=DIRECTION('',(-0.408248290463863,-0.816496580927726,0.408248290463863));
#3338=DIRECTION('',(-0.408248290463862,0.816496580927726,-0.408248290463863));
#3339=DIRECTION('',(0.,0.447213595499958,0.894427190999916));
#3340=DIRECTION('',(0.,-0.894427190999916,0.447213595499958));
#3341=DIRECTION('',(-1.,0.,0.));
#3342=DIRECTION('',(-0.408248290463863,-0.816496580927726,0.408248290463863));
#3343=DIRECTION('',(-0.408248290463863,0.816496580927726,-0.408248290463863));
#3344=DIRECTION('',(0.,0.,1.));
#3345=DIRECTION('',(1.,0.,0.));
#3346=DIRECTION('',(-1.,0.,0.));
#3347=DIRECTION('',(0.,-1.,0.));
#3348=DIRECTION('',(0.,1.,0.));
#3349=DIRECTION('',(0.,0.,1.));
#3350=DIRECTION('',(1.,0.,0.));
#3351=DIRECTION('',(-1.,0.,0.));
#3352=DIRECTION('',(0.,-1.,0.));
#3353=DIRECTION('',(0.,1.,0.));
#3354=DIRECTION('',(0.,0.,-1.));
#3355=DIRECTION('',(-1.,0.,0.));
#3356=DIRECTION('',(-1.,0.,0.));
#3357=DIRECTION('',(0.,1.,0.));
#3358=DIRECTION('',(-1.,0.,0.));
#3359=DIRECTION('',(0.,-1.,0.));
#3360=DIRECTION('',(0.,0.,-1.));
#3361=DIRECTION('',(-1.,0.,0.));
#3362=DIRECTION('',(-1.,0.,0.));
#3363=DIRECTION('',(0.,1.,0.));
#3364=DIRECTION('',(-1.,0.,0.));
#3365=DIRECTION('',(0.,-1.,0.));
#3366=DIRECTION('',(0.,0.447213595499958,-0.894427190999916));
#3367=DIRECTION('',(0.,0.894427190999916,0.447213595499958));
#3368=DIRECTION('',(-1.,0.,0.));
#3369=DIRECTION('',(0.408248290463863,0.816496580927726,0.408248290463863));
#3370=DIRECTION('',(0.408248290463862,-0.816496580927726,-0.408248290463863));
#3371=DIRECTION('',(0.,0.447213595499958,-0.894427190999916));
#3372=DIRECTION('',(0.,0.894427190999916,0.447213595499958));
#3373=DIRECTION('',(-1.,0.,0.));
#3374=DIRECTION('',(0.408248290463863,0.816496580927726,0.408248290463863));
#3375=DIRECTION('',(0.408248290463863,-0.816496580927726,-0.408248290463863));
#3376=DIRECTION('',(0.,1.,0.));
#3377=DIRECTION('',(0.,0.,1.));
#3378=DIRECTION('',(-1.,0.,0.));
#3379=DIRECTION('',(0.,0.,-1.));
#3380=DIRECTION('',(0.,0.,-1.));
#3381=DIRECTION('',(0.,1.,0.));
#3382=DIRECTION('',(0.,0.,1.));
#3383=DIRECTION('',(-1.,0.,0.));
#3384=DIRECTION('',(0.,0.,-1.));
#3385=DIRECTION('',(0.,0.,-1.));
#3386=DIRECTION('',(0.,0.447213595499958,0.894427190999916));
#3387=DIRECTION('',(0.,-0.894427190999916,0.447213595499958));
#3388=DIRECTION('',(-1.,0.,0.));
#3389=DIRECTION('',(-0.408248290463863,-0.816496580927726,0.408248290463863));
#3390=DIRECTION('',(-0.408248290463862,0.816496580927726,-0.408248290463863));
#3391=DIRECTION('',(0.,0.447213595499958,0.894427190999916));
#3392=DIRECTION('',(0.,-0.894427190999916,0.447213595499958));
#3393=DIRECTION('',(-1.,0.,0.));
#3394=DIRECTION('',(-0.408248290463863,-0.816496580927726,0.408248290463863));
#3395=DIRECTION('',(-0.408248290463863,0.816496580927726,-0.408248290463863));
#3396=DIRECTION('',(0.,0.,1.));
#3397=DIRECTION('',(1.,0.,0.));
#3398=DIRECTION('',(-1.,0.,0.));
#3399=DIRECTION('',(0.,-1.,0.));
#3400=DIRECTION('',(0.,1.,0.));
#3401=DIRECTION('',(0.,0.,1.));
#3402=DIRECTION('',(1.,0.,0.));
#3403=DIRECTION('',(-1.,0.,0.));
#3404=DIRECTION('',(0.,-1.,0.));
#3405=DIRECTION('',(0.,1.,0.));
#3406=DIRECTION('',(0.,9.48558331133425E-16,-1.));
#3407=DIRECTION('',(0.,1.,9.48558331133425E-16));
#3408=DIRECTION('',(0.,-1.,-9.48558331133425E-16));
#3409=DIRECTION('',(-1.,0.,0.));
#3410=DIRECTION('',(0.,-1.,-9.48558331133425E-16));
#3411=DIRECTION('',(-1.,0.,0.));
#3412=DIRECTION('',(0.,0.,-1.));
#3413=DIRECTION('',(-1.,0.,0.));
#3414=DIRECTION('',(-1.,0.,0.));
#3415=DIRECTION('',(0.,1.,0.));
#3416=DIRECTION('',(-1.,0.,0.));
#3417=DIRECTION('',(0.,-1.,0.));
#3418=DIRECTION('',(0.,0.447213595499958,-0.894427190999916));
#3419=DIRECTION('',(0.,0.894427190999916,0.447213595499958));
#3420=DIRECTION('',(-1.,0.,0.));
#3421=DIRECTION('',(0.408248290463864,0.816496580927726,0.408248290463863));
#3422=DIRECTION('',(0.408248290463863,-0.816496580927726,-0.408248290463863));
#3423=DIRECTION('',(0.,1.,0.));
#3424=DIRECTION('',(0.,0.,1.));
#3425=DIRECTION('',(-1.,0.,0.));
#3426=DIRECTION('',(0.,0.,-1.));
#3427=DIRECTION('',(0.,0.,-1.));
#3428=DIRECTION('',(0.,0.447213595499958,0.894427190999916));
#3429=DIRECTION('',(0.,-0.894427190999916,0.447213595499958));
#3430=DIRECTION('',(-1.,0.,0.));
#3431=DIRECTION('',(-0.408248290463864,-0.816496580927726,0.408248290463863));
#3432=DIRECTION('',(-0.408248290463863,0.816496580927726,-0.408248290463863));
#3433=DIRECTION('',(0.,0.,1.));
#3434=DIRECTION('',(1.,0.,0.));
#3435=DIRECTION('',(-1.,0.,0.));
#3436=DIRECTION('',(0.,-1.,0.));
#3437=DIRECTION('',(0.,1.,0.));
#3438=DIRECTION('',(0.,0.,-1.));
#3439=DIRECTION('',(-1.,0.,0.));
#3440=DIRECTION('',(-1.,0.,0.));
#3441=DIRECTION('',(0.,1.,0.));
#3442=DIRECTION('',(-1.,0.,0.));
#3443=DIRECTION('',(0.,-1.,0.));
#3444=DIRECTION('',(0.,0.447213595499958,-0.894427190999916));
#3445=DIRECTION('',(0.,0.894427190999916,0.447213595499958));
#3446=DIRECTION('',(-1.,0.,0.));
#3447=DIRECTION('',(0.408248290463864,0.816496580927726,0.408248290463863));
#3448=DIRECTION('',(0.408248290463863,-0.816496580927726,-0.408248290463863));
#3449=DIRECTION('',(0.,1.,0.));
#3450=DIRECTION('',(0.,0.,1.));
#3451=DIRECTION('',(-1.,0.,0.));
#3452=DIRECTION('',(0.,0.,-1.));
#3453=DIRECTION('',(0.,0.,-1.));
#3454=DIRECTION('',(0.,0.447213595499958,0.894427190999916));
#3455=DIRECTION('',(0.,-0.894427190999916,0.447213595499958));
#3456=DIRECTION('',(-1.,0.,0.));
#3457=DIRECTION('',(-0.408248290463864,-0.816496580927726,0.408248290463863));
#3458=DIRECTION('',(-0.408248290463863,0.816496580927726,-0.408248290463863));
#3459=DIRECTION('',(0.,0.,1.));
#3460=DIRECTION('',(1.,0.,0.));
#3461=DIRECTION('',(-1.,0.,0.));
#3462=DIRECTION('',(0.,-1.,0.));
#3463=DIRECTION('',(0.,1.,0.));
#3464=DIRECTION('',(0.,1.,0.));
#3465=DIRECTION('',(0.,0.,1.));
#3466=DIRECTION('',(0.,0.,-1.));
#3467=DIRECTION('',(0.,0.,-1.));
#3468=DIRECTION('',(0.,0.,-1.));
#3469=DIRECTION('',(0.,0.,-1.));
#3470=DIRECTION('',(0.,0.,-1.));
#3471=DIRECTION('',(-1.,0.,0.));
#3472=DIRECTION('',(0.,0.,-1.));
#3473=DIRECTION('',(0.,0.,-1.));
#3474=DIRECTION('',(0.,0.,-1.));
#3475=DIRECTION('',(0.,0.,-1.));
#3476=DIRECTION('',(0.,0.,-1.));
#3477=DIRECTION('',(0.,0.,-1.));
#3478=DIRECTION('',(0.,0.,-1.));
#3479=DIRECTION('',(0.,0.,-1.));
#3480=DIRECTION('',(0.,0.,-1.));
#3481=DIRECTION('',(0.,-1.89711666226685E-15,1.));
#3482=DIRECTION('',(0.,-1.,-1.89711666226685E-15));
#3483=DIRECTION('',(0.,1.,1.89711666226685E-15));
#3484=DIRECTION('',(-1.,0.,0.));
#3485=DIRECTION('',(0.,1.,1.89711666226685E-15));
#3486=DIRECTION('',(0.,-1.,0.));
#3487=DIRECTION('',(0.,0.,-1.));
#3488=DIRECTION('',(0.,0.,1.));
#3489=DIRECTION('',(0.,0.,1.));
#3490=DIRECTION('',(1.,0.,0.));
#3491=DIRECTION('',(0.,0.,-1.));
#3492=DIRECTION('',(1.,0.,0.));
#3493=DIRECTION('',(0.,0.,-1.));
#3494=DIRECTION('',(0.,0.,1.));
#3495=DIRECTION('',(0.,0.,1.));
#3496=DIRECTION('',(0.894427190999916,0.447213595499958,0.));
#3497=DIRECTION('',(-0.447213595499958,0.894427190999916,0.));
#3498=DIRECTION('',(0.894427190999916,0.447213595499958,0.));
#3499=DIRECTION('',(-0.447213595499958,0.894427190999916,0.));
#3500=DIRECTION('',(-1.,0.,0.));
#3501=DIRECTION('',(0.,0.,1.));
#3502=DIRECTION('',(0.,0.,-1.));
#3503=DIRECTION('',(-0.894427190999916,0.447213595499958,0.));
#3504=DIRECTION('',(-0.447213595499958,-0.894427190999916,0.));
#3505=DIRECTION('',(-1.,0.,0.));
#3506=DIRECTION('',(0.,0.,1.));
#3507=DIRECTION('',(0.,0.,-1.));
#3508=DIRECTION('',(-0.894427190999916,0.447213595499958,0.));
#3509=DIRECTION('',(-0.447213595499958,-0.894427190999916,0.));
#3510=DIRECTION('',(-1.,0.,0.));
#3511=DIRECTION('',(0.,0.,1.));
#3512=DIRECTION('',(0.,0.,-1.));
#3513=DIRECTION('',(1.,0.,0.));
#3514=DIRECTION('',(0.,0.,-1.));
#3515=DIRECTION('',(0.,0.,-1.));
#3516=DIRECTION('',(-0.894427190999916,0.447213595499959,0.));
#3517=DIRECTION('',(-0.447213595499959,-0.894427190999916,0.));
#3518=DIRECTION('',(0.894427190999916,0.447213595499958,0.));
#3519=DIRECTION('',(-0.447213595499958,0.894427190999916,0.));
#3520=DIRECTION('',(-1.,0.,0.));
#3521=DIRECTION('',(0.,0.,1.));
#3522=DIRECTION('',(0.,0.,-1.));
#3523=DIRECTION('',(1.,0.,0.));
#3524=DIRECTION('',(0.,0.,-1.));
#3525=DIRECTION('',(0.,0.,-1.));
#3526=DIRECTION('',(-0.894427190999916,0.447213595499958,0.));
#3527=DIRECTION('',(-0.447213595499958,-0.894427190999916,0.));
#3528=DIRECTION('',(0.894427190999916,0.447213595499957,0.));
#3529=DIRECTION('',(-0.447213595499957,0.894427190999916,0.));
#3530=DIRECTION('',(-1.,0.,0.));
#3531=DIRECTION('',(0.,0.,1.));
#3532=DIRECTION('',(0.,0.,-1.));
#3533=DIRECTION('',(1.,0.,0.));
#3534=DIRECTION('',(0.,0.,-1.));
#3535=DIRECTION('',(0.,0.,-1.));
#3536=DIRECTION('',(-0.894427190999916,0.447213595499959,0.));
#3537=DIRECTION('',(-0.447213595499959,-0.894427190999916,0.));
#3538=DIRECTION('',(0.894427190999916,0.447213595499958,0.));
#3539=DIRECTION('',(-0.447213595499958,0.894427190999916,0.));
#3540=DIRECTION('',(0.894427190999916,0.447213595499957,0.));
#3541=DIRECTION('',(-0.447213595499957,0.894427190999916,0.));
#3542=DIRECTION('',(0.,0.,-1.));
#3543=DIRECTION('',(-0.894427190999916,0.447213595499958,0.));
#3544=DIRECTION('',(-0.447213595499958,-0.894427190999916,0.));
#3545=DIRECTION('',(0.,0.,-1.));
#3546=DIRECTION('',(1.,0.,0.));
#3547=DIRECTION('',(0.,0.,-1.));
#3548=DIRECTION('',(-1.,0.,0.));
#3549=DIRECTION('',(0.,0.,1.));
#3550=DIRECTION('',(0.,0.,1.));
#3551=DIRECTION('',(1.,0.,0.));
#3552=CARTESIAN_POINT('',(0.,0.,0.));
#3553=CARTESIAN_POINT('',(0.,0.,0.));
#3554=CARTESIAN_POINT('',(-0.11811,0.,-0.0775));
#3555=CARTESIAN_POINT('',(-0.11811,0.,0.0625));
#3556=CARTESIAN_POINT('',(-0.11811,0.,0.0775));
#3557=CARTESIAN_POINT('',(-0.11811,0.,0.0625));
#3558=CARTESIAN_POINT('',(0.11811,0.,0.0625));
#3559=CARTESIAN_POINT('',(0.11811,0.,0.0775));
#3560=CARTESIAN_POINT('',(0.11811,0.,0.0775));
#3561=CARTESIAN_POINT('',(-0.11811,0.,0.0775));
#3562=CARTESIAN_POINT('',(-0.11811,0.059,-0.0775));
#3563=CARTESIAN_POINT('',(-0.11811,0.01,-0.0625));
#3564=CARTESIAN_POINT('',(-0.11811,0.01,-0.0625));
#3565=CARTESIAN_POINT('',(-0.11811,0.01,0.0625000000000001));
#3566=CARTESIAN_POINT('',(-0.11811,0.01,0.0625000000000001));
#3567=CARTESIAN_POINT('',(-0.11811,0.059,0.0775));
#3568=CARTESIAN_POINT('',(-0.11811,0.059,0.0775));
#3569=CARTESIAN_POINT('',(-0.11811,0.059,-0.0775));
#3570=CARTESIAN_POINT('',(-0.11811,0.059,-0.0775));
#3571=CARTESIAN_POINT('',(-0.11811,0.059,-0.0775));
#3572=CARTESIAN_POINT('',(-0.11811,0.,-0.0775));
#3573=CARTESIAN_POINT('',(-0.11811,0.,-0.0775));
#3574=CARTESIAN_POINT('',(-0.11811,0.,-0.0625));
#3575=CARTESIAN_POINT('',(-0.11811,0.,-0.0625));
#3576=CARTESIAN_POINT('',(-0.11811,0.059,0.0775));
#3577=CARTESIAN_POINT('',(0.11811,0.059,0.0775));
#3578=CARTESIAN_POINT('',(0.11811,0.059,0.0775));
#3579=CARTESIAN_POINT('',(-0.11811,0.059,0.0775));
#3580=CARTESIAN_POINT('',(0.11811,0.059,0.0775));
#3581=CARTESIAN_POINT('',(0.11811,0.01,0.0625000000000001));
#3582=CARTESIAN_POINT('',(0.11811,0.01,0.0625000000000001));
#3583=CARTESIAN_POINT('',(0.11811,0.01,-0.0625));
#3584=CARTESIAN_POINT('',(0.11811,0.01,-0.0625));
#3585=CARTESIAN_POINT('',(0.11811,0.,-0.0625));
#3586=CARTESIAN_POINT('',(0.11811,0.,-0.0625));
#3587=CARTESIAN_POINT('',(0.11811,0.,0.0775));
#3588=CARTESIAN_POINT('',(0.11811,0.,-0.0775));
#3589=CARTESIAN_POINT('',(0.11811,0.059,-0.0775));
#3590=CARTESIAN_POINT('',(0.11811,0.059,-0.0775));
#3591=CARTESIAN_POINT('',(0.11811,0.059,0.0775));
#3592=CARTESIAN_POINT('',(0.06874,0.059,-0.04937));
#3593=CARTESIAN_POINT('',(0.06874,0.01,-0.04937));
#3594=CARTESIAN_POINT('',(0.06874,0.01,-0.04937));
#3595=CARTESIAN_POINT('',(0.06874,0.01,-0.02937));
#3596=CARTESIAN_POINT('',(0.06874,0.059,-0.04937));
#3597=CARTESIAN_POINT('',(0.06874,0.059,-0.04937));
#3598=CARTESIAN_POINT('',(0.06874,0.059,-0.04937));
#3599=CARTESIAN_POINT('',(0.06874,0.059,-0.02937));
#3600=CARTESIAN_POINT('',(0.06874,0.059,-0.02937));
#3601=CARTESIAN_POINT('',(0.08874,0.059,-0.04937));
#3602=CARTESIAN_POINT('',(0.08874,0.01,-0.04937));
#3603=CARTESIAN_POINT('',(0.08874,0.01,-0.04937));
#3604=CARTESIAN_POINT('',(0.08874,0.059,-0.04937));
#3605=CARTESIAN_POINT('',(0.08874,0.059,-0.04937));
#3606=CARTESIAN_POINT('',(0.08874,0.059,-0.04937));
#3607=CARTESIAN_POINT('',(0.08874,0.059,-0.02937));
#3608=CARTESIAN_POINT('',(0.08874,0.01,-0.02937));
#3609=CARTESIAN_POINT('',(0.08874,0.01,-0.02937));
#3610=CARTESIAN_POINT('',(0.08874,0.059,-0.02937));
#3611=CARTESIAN_POINT('',(0.08874,0.059,-0.02937));
#3612=CARTESIAN_POINT('',(0.08874,0.059,-0.02937));
#3613=CARTESIAN_POINT('',(0.06874,0.059,0.02937));
#3614=CARTESIAN_POINT('',(0.06874,0.01,0.02937));
#3615=CARTESIAN_POINT('',(0.06874,0.01,0.02937));
#3616=CARTESIAN_POINT('',(0.06874,0.01,0.04937));
#3617=CARTESIAN_POINT('',(0.06874,0.059,0.02937));
#3618=CARTESIAN_POINT('',(0.06874,0.059,0.02937));
#3619=CARTESIAN_POINT('',(0.06874,0.059,0.02937));
#3620=CARTESIAN_POINT('',(0.06874,0.059,0.04937));
#3621=CARTESIAN_POINT('',(0.06874,0.059,0.04937));
#3622=CARTESIAN_POINT('',(0.08874,0.059,0.02937));
#3623=CARTESIAN_POINT('',(0.08874,0.01,0.02937));
#3624=CARTESIAN_POINT('',(0.08874,0.01,0.02937));
#3625=CARTESIAN_POINT('',(0.08874,0.059,0.02937));
#3626=CARTESIAN_POINT('',(0.08874,0.059,0.02937));
#3627=CARTESIAN_POINT('',(0.08874,0.059,0.02937));
#3628=CARTESIAN_POINT('',(0.08874,0.059,0.04937));
#3629=CARTESIAN_POINT('',(0.08874,0.01,0.04937));
#3630=CARTESIAN_POINT('',(0.08874,0.01,0.04937));
#3631=CARTESIAN_POINT('',(0.08874,0.059,0.04937));
#3632=CARTESIAN_POINT('',(0.08874,0.059,0.04937));
#3633=CARTESIAN_POINT('',(0.08874,0.059,0.04937));
#3634=CARTESIAN_POINT('',(-0.01,0.059,-0.04937));
#3635=CARTESIAN_POINT('',(-0.01,0.01,-0.04937));
#3636=CARTESIAN_POINT('',(-0.01,0.01,-0.04937));
#3637=CARTESIAN_POINT('',(-0.01,0.01,-0.02937));
#3638=CARTESIAN_POINT('',(-0.01,0.059,-0.04937));
#3639=CARTESIAN_POINT('',(-0.01,0.059,-0.04937));
#3640=CARTESIAN_POINT('',(-0.01,0.059,-0.04937));
#3641=CARTESIAN_POINT('',(-0.01,0.059,-0.02937));
#3642=CARTESIAN_POINT('',(-0.01,0.059,-0.02937));
#3643=CARTESIAN_POINT('',(0.01,0.059,-0.04937));
#3644=CARTESIAN_POINT('',(0.01,0.01,-0.04937));
#3645=CARTESIAN_POINT('',(0.01,0.01,-0.04937));
#3646=CARTESIAN_POINT('',(0.01,0.059,-0.04937));
#3647=CARTESIAN_POINT('',(0.01,0.059,-0.04937));
#3648=CARTESIAN_POINT('',(0.01,0.059,-0.04937));
#3649=CARTESIAN_POINT('',(0.01,0.059,-0.02937));
#3650=CARTESIAN_POINT('',(0.01,0.01,-0.02937));
#3651=CARTESIAN_POINT('',(0.01,0.01,-0.02937));
#3652=CARTESIAN_POINT('',(0.01,0.059,-0.02937));
#3653=CARTESIAN_POINT('',(0.01,0.059,-0.02937));
#3654=CARTESIAN_POINT('',(0.01,0.059,-0.02937));
#3655=CARTESIAN_POINT('',(-0.01,0.059,0.02937));
#3656=CARTESIAN_POINT('',(-0.01,0.01,0.02937));
#3657=CARTESIAN_POINT('',(-0.01,0.01,0.02937));
#3658=CARTESIAN_POINT('',(-0.01,0.01,0.04937));
#3659=CARTESIAN_POINT('',(-0.01,0.059,0.02937));
#3660=CARTESIAN_POINT('',(-0.01,0.059,0.02937));
#3661=CARTESIAN_POINT('',(-0.01,0.059,0.02937));
#3662=CARTESIAN_POINT('',(-0.01,0.059,0.04937));
#3663=CARTESIAN_POINT('',(-0.01,0.059,0.04937));
#3664=CARTESIAN_POINT('',(0.01,0.059,0.02937));
#3665=CARTESIAN_POINT('',(0.01,0.01,0.02937));
#3666=CARTESIAN_POINT('',(0.01,0.01,0.02937));
#3667=CARTESIAN_POINT('',(0.01,0.059,0.02937));
#3668=CARTESIAN_POINT('',(0.01,0.059,0.02937));
#3669=CARTESIAN_POINT('',(0.01,0.059,0.02937));
#3670=CARTESIAN_POINT('',(0.01,0.059,0.04937));
#3671=CARTESIAN_POINT('',(0.01,0.01,0.04937));
#3672=CARTESIAN_POINT('',(0.01,0.01,0.04937));
#3673=CARTESIAN_POINT('',(0.01,0.059,0.04937));
#3674=CARTESIAN_POINT('',(0.01,0.059,0.04937));
#3675=CARTESIAN_POINT('',(0.01,0.059,0.04937));
#3676=CARTESIAN_POINT('',(-0.08874,0.059,-0.04937));
#3677=CARTESIAN_POINT('',(-0.08874,0.01,-0.04937));
#3678=CARTESIAN_POINT('',(-0.08874,0.01,-0.04937));
#3679=CARTESIAN_POINT('',(-0.08874,0.01,-0.02937));
#3680=CARTESIAN_POINT('',(-0.08874,0.059,-0.04937));
#3681=CARTESIAN_POINT('',(-0.08874,0.059,-0.04937));
#3682=CARTESIAN_POINT('',(-0.08874,0.059,-0.04937));
#3683=CARTESIAN_POINT('',(-0.08874,0.059,-0.02937));
#3684=CARTESIAN_POINT('',(-0.08874,0.059,-0.02937));
#3685=CARTESIAN_POINT('',(-0.06874,0.059,-0.04937));
#3686=CARTESIAN_POINT('',(-0.06874,0.01,-0.04937));
#3687=CARTESIAN_POINT('',(-0.06874,0.01,-0.04937));
#3688=CARTESIAN_POINT('',(-0.06874,0.059,-0.04937));
#3689=CARTESIAN_POINT('',(-0.06874,0.059,-0.04937));
#3690=CARTESIAN_POINT('',(-0.06874,0.059,-0.04937));
#3691=CARTESIAN_POINT('',(-0.06874,0.059,-0.02937));
#3692=CARTESIAN_POINT('',(-0.06874,0.01,-0.02937));
#3693=CARTESIAN_POINT('',(-0.06874,0.01,-0.02937));
#3694=CARTESIAN_POINT('',(-0.06874,0.059,-0.02937));
#3695=CARTESIAN_POINT('',(-0.06874,0.059,-0.02937));
#3696=CARTESIAN_POINT('',(-0.06874,0.059,-0.02937));
#3697=CARTESIAN_POINT('',(-0.08874,0.059,0.02937));
#3698=CARTESIAN_POINT('',(-0.08874,0.01,0.02937));
#3699=CARTESIAN_POINT('',(-0.08874,0.01,0.02937));
#3700=CARTESIAN_POINT('',(-0.08874,0.01,0.04937));
#3701=CARTESIAN_POINT('',(-0.08874,0.059,0.02937));
#3702=CARTESIAN_POINT('',(-0.08874,0.059,0.02937));
#3703=CARTESIAN_POINT('',(-0.08874,0.059,0.02937));
#3704=CARTESIAN_POINT('',(-0.08874,0.059,0.04937));
#3705=CARTESIAN_POINT('',(-0.08874,0.059,0.04937));
#3706=CARTESIAN_POINT('',(-0.06874,0.059,0.02937));
#3707=CARTESIAN_POINT('',(-0.06874,0.01,0.02937));
#3708=CARTESIAN_POINT('',(-0.06874,0.01,0.02937));
#3709=CARTESIAN_POINT('',(-0.06874,0.059,0.02937));
#3710=CARTESIAN_POINT('',(-0.06874,0.059,0.02937));
#3711=CARTESIAN_POINT('',(-0.06874,0.059,0.02937));
#3712=CARTESIAN_POINT('',(-0.06874,0.059,0.04937));
#3713=CARTESIAN_POINT('',(-0.06874,0.01,0.04937));
#3714=CARTESIAN_POINT('',(-0.06874,0.01,0.04937));
#3715=CARTESIAN_POINT('',(-0.06874,0.059,0.04937));
#3716=CARTESIAN_POINT('',(-0.06874,0.059,0.04937));
#3717=CARTESIAN_POINT('',(-0.06874,0.059,0.04937));
#3718=CARTESIAN_POINT('',(0.06874,0.059,-0.02937));
#3719=CARTESIAN_POINT('',(0.06874,0.01,-0.02937));
#3720=CARTESIAN_POINT('',(0.06874,0.059,-0.02937));
#3721=CARTESIAN_POINT('',(0.06874,0.059,0.04937));
#3722=CARTESIAN_POINT('',(0.06874,0.01,0.04937));
#3723=CARTESIAN_POINT('',(0.06874,0.059,0.04937));
#3724=CARTESIAN_POINT('',(-0.01,0.059,-0.02937));
#3725=CARTESIAN_POINT('',(-0.01,0.01,-0.02937));
#3726=CARTESIAN_POINT('',(-0.01,0.059,-0.02937));
#3727=CARTESIAN_POINT('',(-0.01,0.059,0.04937));
#3728=CARTESIAN_POINT('',(-0.01,0.01,0.04937));
#3729=CARTESIAN_POINT('',(-0.01,0.059,0.04937));
#3730=CARTESIAN_POINT('',(-0.08874,0.059,-0.02937));
#3731=CARTESIAN_POINT('',(-0.08874,0.01,-0.02937));
#3732=CARTESIAN_POINT('',(-0.08874,0.059,-0.02937));
#3733=CARTESIAN_POINT('',(-0.08874,0.059,0.04937));
#3734=CARTESIAN_POINT('',(-0.08874,0.01,0.04937));
#3735=CARTESIAN_POINT('',(-0.08874,0.059,0.04937));
#3736=CARTESIAN_POINT('',(0.11811,0.059,-0.0775));
#3737=CARTESIAN_POINT('',(0.11811,0.,-0.0775));
#3738=CARTESIAN_POINT('',(0.11811,0.059,-0.0775));
#3739=CARTESIAN_POINT('',(0.,0.059,0.));
#3740=CARTESIAN_POINT('',(0.,0.,0.));
#3741=CARTESIAN_POINT('',(-0.11811,0.,-0.0625));
#3742=CARTESIAN_POINT('',(-0.11811,0.01,-0.0625));
#3743=CARTESIAN_POINT('',(-0.11811,0.01,0.0625000000000001));
#3744=CARTESIAN_POINT('',(-0.11811,0.01,-0.0625));
#3745=CARTESIAN_POINT('',(-0.11811,0.01,0.0625000000000001));
#3746=CARTESIAN_POINT('',(-0.11811,0.,-0.0625));
#3747=CARTESIAN_POINT('',(0.,0.,0.));
#3748=CARTESIAN_POINT('',(0.09374,0.039,-0.04937));
#3749=CARTESIAN_POINT('',(0.09374,0.175,-0.04937));
#3750=CARTESIAN_POINT('',(-0.06874,0.175,-0.04937));
#3751=CARTESIAN_POINT('',(-0.08874,0.175,-0.04937));
#3752=CARTESIAN_POINT('',(-0.06874,0.039,-0.04937));
#3753=CARTESIAN_POINT('',(-0.06874,0.039,-0.0493699999999999));
#3754=CARTESIAN_POINT('',(0.09374,0.039,-0.04937));
#3755=CARTESIAN_POINT('',(-0.08874,0.039,-0.04937));
#3756=CARTESIAN_POINT('',(-0.08874,0.039,-0.04937));
#3757=CARTESIAN_POINT('',(0.09374,0.039,-0.04937));
#3758=CARTESIAN_POINT('',(0.09374,0.039,-0.04937));
#3759=CARTESIAN_POINT('',(0.01,0.039,-0.0493699999999999));
#3760=CARTESIAN_POINT('',(-0.00999999999999997,0.039,-0.0493699999999999));
#3761=CARTESIAN_POINT('',(-0.00999999999999996,0.039,-0.04937));
#3762=CARTESIAN_POINT('',(-0.00999999999999997,0.175,-0.04937));
#3763=CARTESIAN_POINT('',(0.09374,0.175,-0.04937));
#3764=CARTESIAN_POINT('',(0.01,0.175,-0.04937));
#3765=CARTESIAN_POINT('',(0.01,0.039,-0.04937));
#3766=CARTESIAN_POINT('',(0.09374,0.175,-0.04937));
#3767=CARTESIAN_POINT('',(-0.0583266666666668,0.235826666666667,-0.0189566666666668));
#3768=CARTESIAN_POINT('',(-0.08374,0.185,-0.0443699999999999));
#3769=CARTESIAN_POINT('',(0.09374,0.185,-0.04437));
#3770=CARTESIAN_POINT('',(-0.07374,0.185,-0.0443699999999999));
#3771=CARTESIAN_POINT('',(-0.04166,0.12084,-0.0764499999999999));
#3772=CARTESIAN_POINT('',(0.09374,0.175,-0.04937));
#3773=CARTESIAN_POINT('',(0.00728999999999992,0.20958,-0.0320800000000001));
#3774=CARTESIAN_POINT('',(-0.00499999999999998,0.185,-0.0443699999999999));
#3775=CARTESIAN_POINT('',(0.09374,0.185,-0.04437));
#3776=CARTESIAN_POINT('',(0.00500000000000002,0.185,-0.0443699999999999));
#3777=CARTESIAN_POINT('',(0.0239566666666666,0.147086666666667,-0.0633266666666666));
#3778=CARTESIAN_POINT('',(0.09374,0.185,-0.04437));
#3779=CARTESIAN_POINT('',(-0.08374,0.185,0.3));
#3780=CARTESIAN_POINT('',(-0.08374,0.185,-0.0343699999999999));
#3781=CARTESIAN_POINT('',(0.09374,0.185,-0.03437));
#3782=CARTESIAN_POINT('',(-0.07374,0.185,-0.0343700000000001));
#3783=CARTESIAN_POINT('',(-0.07374,0.185,0.3));
#3784=CARTESIAN_POINT('',(0.09374,0.185,-0.04437));
#3785=CARTESIAN_POINT('',(-0.00499999999999998,0.185,0.3));
#3786=CARTESIAN_POINT('',(-0.00499999999999998,0.185,-0.0343699999999999));
#3787=CARTESIAN_POINT('',(0.09374,0.185,-0.03437));
#3788=CARTESIAN_POINT('',(0.00500000000000001,0.185,-0.03437));
#3789=CARTESIAN_POINT('',(0.00500000000000002,0.185,0.3));
#3790=CARTESIAN_POINT('',(0.09374,0.185,-0.03437));
#3791=CARTESIAN_POINT('',(-0.0541600000000001,0.24416,-0.0639499999999999));
#3792=CARTESIAN_POINT('',(-0.08874,0.175,-0.0293699999999999));
#3793=CARTESIAN_POINT('',(0.09374,0.175,-0.02937));
#3794=CARTESIAN_POINT('',(-0.06874,0.175,-0.0293699999999999));
#3795=CARTESIAN_POINT('',(-0.0458266666666667,0.129173333333333,-0.00645666666666676));
#3796=CARTESIAN_POINT('',(0.09374,0.185,-0.03437));
#3797=CARTESIAN_POINT('',(0.0114566666666666,0.217913333333333,-0.0508266666666666));
#3798=CARTESIAN_POINT('',(-0.00999999999999997,0.175,-0.0293699999999999));
#3799=CARTESIAN_POINT('',(0.09374,0.175,-0.02937));
#3800=CARTESIAN_POINT('',(0.01,0.175,-0.0293699999999999));
#3801=CARTESIAN_POINT('',(0.0197899999999999,0.15542,-0.0195800000000001));
#3802=CARTESIAN_POINT('',(0.09374,0.175,-0.02937));
#3803=CARTESIAN_POINT('',(0.09374,0.039,-0.02937));
#3804=CARTESIAN_POINT('',(-0.06874,0.039,-0.0293699999999999));
#3805=CARTESIAN_POINT('',(-0.08874,0.039,-0.02937));
#3806=CARTESIAN_POINT('',(-0.06874,0.175,-0.02937));
#3807=CARTESIAN_POINT('',(-0.08874,0.175,-0.02937));
#3808=CARTESIAN_POINT('',(0.09374,0.175,-0.02937));
#3809=CARTESIAN_POINT('',(-0.00999999999999996,0.175,-0.02937));
#3810=CARTESIAN_POINT('',(-0.00999999999999996,0.039,-0.02937));
#3811=CARTESIAN_POINT('',(0.09374,0.039,-0.02937));
#3812=CARTESIAN_POINT('',(0.01,0.039,-0.0293699999999999));
#3813=CARTESIAN_POINT('',(0.01,0.175,-0.02937));
#3814=CARTESIAN_POINT('',(0.09374,0.039,0.02937));
#3815=CARTESIAN_POINT('',(0.09374,0.175,0.02937));
#3816=CARTESIAN_POINT('',(-0.06874,0.175,0.0293699999999999));
#3817=CARTESIAN_POINT('',(-0.08874,0.175,0.02937));
#3818=CARTESIAN_POINT('',(-0.06874,0.039,0.02937));
#3819=CARTESIAN_POINT('',(-0.06874,0.039,0.0293700000000001));
#3820=CARTESIAN_POINT('',(0.09374,0.039,0.02937));
#3821=CARTESIAN_POINT('',(-0.08874,0.039,0.02937));
#3822=CARTESIAN_POINT('',(-0.08874,0.039,0.02937));
#3823=CARTESIAN_POINT('',(0.09374,0.039,0.02937));
#3824=CARTESIAN_POINT('',(0.09374,0.039,0.02937));
#3825=CARTESIAN_POINT('',(0.01,0.039,0.0293700000000001));
#3826=CARTESIAN_POINT('',(-0.00999999999999997,0.039,0.0293700000000001));
#3827=CARTESIAN_POINT('',(-0.00999999999999996,0.039,0.02937));
#3828=CARTESIAN_POINT('',(-0.00999999999999997,0.175,0.02937));
#3829=CARTESIAN_POINT('',(0.09374,0.175,0.02937));
#3830=CARTESIAN_POINT('',(0.01,0.175,0.02937));
#3831=CARTESIAN_POINT('',(0.01,0.039,0.02937));
#3832=CARTESIAN_POINT('',(0.09374,0.175,0.02937));
#3833=CARTESIAN_POINT('',(-0.0583266666666668,0.235826666666667,0.0597833333333332));
#3834=CARTESIAN_POINT('',(-0.08374,0.185,0.0343700000000001));
#3835=CARTESIAN_POINT('',(0.09374,0.185,0.03437));
#3836=CARTESIAN_POINT('',(-0.07374,0.185,0.0343700000000001));
#3837=CARTESIAN_POINT('',(-0.04166,0.12084,0.00229000000000009));
#3838=CARTESIAN_POINT('',(0.09374,0.175,0.02937));
#3839=CARTESIAN_POINT('',(0.00728999999999992,0.20958,0.0466599999999999));
#3840=CARTESIAN_POINT('',(-0.00499999999999998,0.185,0.0343700000000001));
#3841=CARTESIAN_POINT('',(0.09374,0.185,0.03437));
#3842=CARTESIAN_POINT('',(0.00500000000000002,0.185,0.0343700000000001));
#3843=CARTESIAN_POINT('',(0.0239566666666666,0.147086666666667,0.0154133333333334));
#3844=CARTESIAN_POINT('',(0.09374,0.185,0.03437));
#3845=CARTESIAN_POINT('',(-0.08374,0.185,0.3));
#3846=CARTESIAN_POINT('',(-0.08374,0.185,0.0443700000000001));
#3847=CARTESIAN_POINT('',(0.09374,0.185,0.04437));
#3848=CARTESIAN_POINT('',(-0.07374,0.185,0.04437));
#3849=CARTESIAN_POINT('',(-0.07374,0.185,0.3));
#3850=CARTESIAN_POINT('',(0.09374,0.185,0.03437));
#3851=CARTESIAN_POINT('',(-0.00499999999999998,0.185,0.3));
#3852=CARTESIAN_POINT('',(-0.00499999999999998,0.185,0.0443700000000001));
#3853=CARTESIAN_POINT('',(0.09374,0.185,0.04437));
#3854=CARTESIAN_POINT('',(0.00500000000000001,0.185,0.04437));
#3855=CARTESIAN_POINT('',(0.00500000000000002,0.185,0.3));
#3856=CARTESIAN_POINT('',(0.09374,0.185,0.04437));
#3857=CARTESIAN_POINT('',(-0.0541600000000001,0.24416,0.0147900000000001));
#3858=CARTESIAN_POINT('',(-0.08874,0.175,0.0493700000000001));
#3859=CARTESIAN_POINT('',(0.09374,0.175,0.04937));
#3860=CARTESIAN_POINT('',(-0.06874,0.175,0.0493700000000001));
#3861=CARTESIAN_POINT('',(-0.0458266666666667,0.129173333333333,0.0722833333333332));
#3862=CARTESIAN_POINT('',(0.09374,0.185,0.04437));
#3863=CARTESIAN_POINT('',(0.0114566666666666,0.217913333333333,0.0279133333333334));
#3864=CARTESIAN_POINT('',(-0.00999999999999997,0.175,0.0493700000000001));
#3865=CARTESIAN_POINT('',(0.09374,0.175,0.04937));
#3866=CARTESIAN_POINT('',(0.01,0.175,0.0493700000000001));
#3867=CARTESIAN_POINT('',(0.0197899999999999,0.15542,0.0591599999999999));
#3868=CARTESIAN_POINT('',(0.09374,0.175,0.04937));
#3869=CARTESIAN_POINT('',(0.09374,0.039,0.04937));
#3870=CARTESIAN_POINT('',(-0.06874,0.039,0.0493700000000001));
#3871=CARTESIAN_POINT('',(-0.08874,0.039,0.04937));
#3872=CARTESIAN_POINT('',(-0.06874,0.175,0.04937));
#3873=CARTESIAN_POINT('',(-0.08874,0.175,0.04937));
#3874=CARTESIAN_POINT('',(0.09374,0.175,0.04937));
#3875=CARTESIAN_POINT('',(-0.00999999999999996,0.175,0.04937));
#3876=CARTESIAN_POINT('',(-0.00999999999999996,0.039,0.04937));
#3877=CARTESIAN_POINT('',(0.09374,0.039,0.04937));
#3878=CARTESIAN_POINT('',(0.01,0.039,0.0493700000000001));
#3879=CARTESIAN_POINT('',(0.01,0.175,0.04937));
#3880=CARTESIAN_POINT('',(0.09374,0.039,0.0575));
#3881=CARTESIAN_POINT('',(-0.08874,0.039,0.0575));
#3882=CARTESIAN_POINT('',(-0.08874,0.039,0.0575));
#3883=CARTESIAN_POINT('',(-0.08874,0.03,0.0575));
#3884=CARTESIAN_POINT('',(0.09374,0.03,0.0575));
#3885=CARTESIAN_POINT('',(0.09374,0.03,0.0575));
#3886=CARTESIAN_POINT('',(0.09374,0.039,0.0575));
#3887=CARTESIAN_POINT('',(0.09374,0.039,0.0575));
#3888=CARTESIAN_POINT('',(0.09374,0.039,0.0575));
#3889=CARTESIAN_POINT('',(0.09374,0.03,0.0575));
#3890=CARTESIAN_POINT('',(-0.08874,0.03,0.0575));
#3891=CARTESIAN_POINT('',(-0.08874,0.03,-0.0575));
#3892=CARTESIAN_POINT('',(0.09374,0.03,-0.0575));
#3893=CARTESIAN_POINT('',(0.09374,0.03,-0.0575));
#3894=CARTESIAN_POINT('',(0.09374,0.03,0.0575));
#3895=CARTESIAN_POINT('',(0.09374,0.03,-0.0575));
#3896=CARTESIAN_POINT('',(-0.08874,0.03,-0.0575));
#3897=CARTESIAN_POINT('',(-0.08874,0.039,-0.0575));
#3898=CARTESIAN_POINT('',(0.09374,0.039,-0.0575));
#3899=CARTESIAN_POINT('',(0.09374,0.039,-0.0575));
#3900=CARTESIAN_POINT('',(0.09374,0.03,-0.0575));
#3901=CARTESIAN_POINT('',(0.09374,0.039,-0.04937));
#3902=CARTESIAN_POINT('',(0.09374,0.039,-0.04937));
#3903=CARTESIAN_POINT('',(0.08874,0.039,-0.0493699999999999));
#3904=CARTESIAN_POINT('',(0.06874,0.039,-0.0493699999999999));
#3905=CARTESIAN_POINT('',(0.06874,0.039,-0.04937));
#3906=CARTESIAN_POINT('',(0.06874,0.175,-0.04937));
#3907=CARTESIAN_POINT('',(0.09374,0.175,-0.04937));
#3908=CARTESIAN_POINT('',(0.08874,0.175,-0.04937));
#3909=CARTESIAN_POINT('',(0.08874,0.039,-0.04937));
#3910=CARTESIAN_POINT('',(0.09374,0.175,-0.04937));
#3911=CARTESIAN_POINT('',(0.0729066666666667,0.183333333333333,-0.0452033333333334));
#3912=CARTESIAN_POINT('',(0.07374,0.185,-0.0443699999999999));
#3913=CARTESIAN_POINT('',(0.09374,0.185,-0.04437));
#3914=CARTESIAN_POINT('',(0.08374,0.185,-0.0443699999999999));
#3915=CARTESIAN_POINT('',(0.0895733333333334,0.173333333333333,-0.0502033333333333));
#3916=CARTESIAN_POINT('',(0.09374,0.185,-0.04437));
#3917=CARTESIAN_POINT('',(0.07374,0.185,0.3));
#3918=CARTESIAN_POINT('',(0.07374,0.185,-0.0343699999999999));
#3919=CARTESIAN_POINT('',(0.09374,0.185,-0.03437));
#3920=CARTESIAN_POINT('',(0.08374,0.185,-0.03437));
#3921=CARTESIAN_POINT('',(0.08374,0.185,0.3));
#3922=CARTESIAN_POINT('',(0.09374,0.185,-0.03437));
#3923=CARTESIAN_POINT('',(0.0770733333333333,0.191666666666667,-0.0377033333333333));
#3924=CARTESIAN_POINT('',(0.06874,0.175,-0.0293699999999999));
#3925=CARTESIAN_POINT('',(0.09374,0.175,-0.02937));
#3926=CARTESIAN_POINT('',(0.08874,0.175,-0.0293699999999999));
#3927=CARTESIAN_POINT('',(0.0854066666666667,0.181666666666667,-0.0327033333333333));
#3928=CARTESIAN_POINT('',(0.09374,0.175,-0.02937));
#3929=CARTESIAN_POINT('',(0.06874,0.175,-0.02937));
#3930=CARTESIAN_POINT('',(0.06874,0.039,-0.02937));
#3931=CARTESIAN_POINT('',(0.09374,0.039,-0.02937));
#3932=CARTESIAN_POINT('',(0.08874,0.039,-0.0293699999999999));
#3933=CARTESIAN_POINT('',(0.08874,0.175,-0.02937));
#3934=CARTESIAN_POINT('',(0.09374,0.039,0.02937));
#3935=CARTESIAN_POINT('',(0.09374,0.039,0.02937));
#3936=CARTESIAN_POINT('',(0.08874,0.039,0.0293700000000001));
#3937=CARTESIAN_POINT('',(0.06874,0.039,0.0293700000000001));
#3938=CARTESIAN_POINT('',(0.06874,0.039,0.02937));
#3939=CARTESIAN_POINT('',(0.06874,0.175,0.02937));
#3940=CARTESIAN_POINT('',(0.09374,0.175,0.02937));
#3941=CARTESIAN_POINT('',(0.08874,0.175,0.02937));
#3942=CARTESIAN_POINT('',(0.08874,0.039,0.02937));
#3943=CARTESIAN_POINT('',(0.09374,0.175,0.02937));
#3944=CARTESIAN_POINT('',(0.0729066666666667,0.183333333333333,0.0335366666666666));
#3945=CARTESIAN_POINT('',(0.07374,0.185,0.0343700000000001));
#3946=CARTESIAN_POINT('',(0.09374,0.185,0.03437));
#3947=CARTESIAN_POINT('',(0.08374,0.185,0.0343700000000001));
#3948=CARTESIAN_POINT('',(0.0895733333333334,0.173333333333333,0.0285366666666667));
#3949=CARTESIAN_POINT('',(0.09374,0.185,0.03437));
#3950=CARTESIAN_POINT('',(0.07374,0.185,0.3));
#3951=CARTESIAN_POINT('',(0.07374,0.185,0.0443700000000001));
#3952=CARTESIAN_POINT('',(0.09374,0.185,0.04437));
#3953=CARTESIAN_POINT('',(0.08374,0.185,0.04437));
#3954=CARTESIAN_POINT('',(0.08374,0.185,0.3));
#3955=CARTESIAN_POINT('',(0.09374,0.185,0.04437));
#3956=CARTESIAN_POINT('',(0.0770733333333333,0.191666666666667,0.0410366666666667));
#3957=CARTESIAN_POINT('',(0.06874,0.175,0.0493700000000001));
#3958=CARTESIAN_POINT('',(0.09374,0.175,0.04937));
#3959=CARTESIAN_POINT('',(0.08874,0.175,0.0493700000000001));
#3960=CARTESIAN_POINT('',(0.0854066666666667,0.181666666666667,0.0460366666666667));
#3961=CARTESIAN_POINT('',(0.09374,0.175,0.04937));
#3962=CARTESIAN_POINT('',(0.06874,0.175,0.04937));
#3963=CARTESIAN_POINT('',(0.06874,0.039,0.04937));
#3964=CARTESIAN_POINT('',(0.09374,0.039,0.04937));
#3965=CARTESIAN_POINT('',(0.08874,0.039,0.0493700000000001));
#3966=CARTESIAN_POINT('',(0.08874,0.175,0.04937));
#3967=CARTESIAN_POINT('',(0.09374,0.039,0.04937));
#3968=CARTESIAN_POINT('',(-0.00999999999999997,0.039,0.3));
#3969=CARTESIAN_POINT('',(0.01,0.039,0.3));
#3970=CARTESIAN_POINT('',(0.06874,0.039,0.3));
#3971=CARTESIAN_POINT('',(0.08874,0.039,0.3));
#3972=CARTESIAN_POINT('',(-0.00999999999999997,0.039,0.3));
#3973=CARTESIAN_POINT('',(0.01,0.039,0.3));
#3974=CARTESIAN_POINT('',(0.06874,0.039,0.3));
#3975=CARTESIAN_POINT('',(0.08874,0.039,0.3));
#3976=CARTESIAN_POINT('',(-0.08874,0.039,-0.0575));
#3977=CARTESIAN_POINT('',(-0.06874,0.039,0.3));
#3978=CARTESIAN_POINT('',(-0.08874,0.039,-0.02937));
#3979=CARTESIAN_POINT('',(-0.06874,0.039,0.3));
#3980=CARTESIAN_POINT('',(-0.08874,0.039,0.04937));
#3981=CARTESIAN_POINT('',(0.09374,0.039,-0.0575));
#3982=CARTESIAN_POINT('',(0.09374,0.,0.));
#3983=CARTESIAN_POINT('',(-0.08874,0.,0.));
#3984=CARTESIAN_POINT('',(-0.08874,0.175,0.));
#3985=CARTESIAN_POINT('',(-0.08874,0.175,0.));
#3986=CARTESIAN_POINT('',(-0.08374,0.185,0.3));
#3987=CARTESIAN_POINT('',(-0.08374,0.185,0.3));
#3988=CARTESIAN_POINT('',(0.08874,0.039,0.3));
#3989=CARTESIAN_POINT('',(0.08874,0.175,0.3));
#3990=CARTESIAN_POINT('',(0.08874,0.175,0.3));
#3991=CARTESIAN_POINT('',(0.08874,0.039,0.3));
#3992=CARTESIAN_POINT('',(0.08874,0.175,0.3));
#3993=CARTESIAN_POINT('',(0.08874,0.175,0.3));
#3994=CARTESIAN_POINT('',(0.06874,0.175,0.3));
#3995=CARTESIAN_POINT('',(0.06874,0.175,0.3));
#3996=CARTESIAN_POINT('',(0.01,0.039,0.3));
#3997=CARTESIAN_POINT('',(0.01,0.175,0.3));
#3998=CARTESIAN_POINT('',(0.07374,0.185,0.3));
#3999=CARTESIAN_POINT('',(0.01,0.175,0.3));
#4000=CARTESIAN_POINT('',(-0.00999999999999997,0.175,0.3));
#4001=CARTESIAN_POINT('',(-0.00999999999999997,0.175,0.3));
#4002=CARTESIAN_POINT('',(-0.06874,0.039,0.3));
#4003=CARTESIAN_POINT('',(-0.06874,0.175,0.3));
#4004=CARTESIAN_POINT('',(-0.00499999999999998,0.185,0.3));
#4005=CARTESIAN_POINT('',(-0.06874,0.175,0.3));
#4006=CARTESIAN_POINT('',(0.06874,0.175,0.3));
#4007=CARTESIAN_POINT('',(0.06874,0.175,0.3));
#4008=CARTESIAN_POINT('',(0.01,0.039,0.3));
#4009=CARTESIAN_POINT('',(0.01,0.175,0.3));
#4010=CARTESIAN_POINT('',(0.07374,0.185,0.3));
#4011=CARTESIAN_POINT('',(0.01,0.175,0.3));
#4012=CARTESIAN_POINT('',(-0.06874,0.175,0.3));
#4013=CARTESIAN_POINT('',(-0.06874,0.175,0.3));
#4014=CARTESIAN_POINT('',(-0.00499999999999998,0.185,0.3));
#4015=CARTESIAN_POINT('',(-0.00999999999999997,0.175,0.3));
#4016=CARTESIAN_POINT('',(-0.06874,0.039,0.3));
#4017=CARTESIAN_POINT('',(-0.00999999999999997,0.175,0.3));
#4018=CARTESIAN_POINT('',(0.,0.,0.));
#4019=CARTESIAN_POINT('',(0.09374,0.03,0.04937));
#4020=CARTESIAN_POINT('',(0.09374,-0.128,0.04937));
#4021=CARTESIAN_POINT('',(0.08874,-0.128,0.04937));
#4022=CARTESIAN_POINT('',(0.06874,-0.128,0.04937));
#4023=CARTESIAN_POINT('',(0.08874,0.03,0.04937));
#4024=CARTESIAN_POINT('',(0.08874,0.03,0.0493700000000001));
#4025=CARTESIAN_POINT('',(0.09374,0.03,0.04937));
#4026=CARTESIAN_POINT('',(0.06874,0.03,0.0493700000000001));
#4027=CARTESIAN_POINT('',(0.06874,0.03,0.04937));
#4028=CARTESIAN_POINT('',(0.09374,0.03,0.04937));
#4029=CARTESIAN_POINT('',(0.09374,-0.128,0.04937));
#4030=CARTESIAN_POINT('',(0.01,-0.128,0.0493699999999999));
#4031=CARTESIAN_POINT('',(-0.00999999999999996,-0.128,0.04937));
#4032=CARTESIAN_POINT('',(0.01,0.03,0.04937));
#4033=CARTESIAN_POINT('',(0.01,0.03,0.0493700000000001));
#4034=CARTESIAN_POINT('',(0.09374,0.03,0.04937));
#4035=CARTESIAN_POINT('',(-0.00999999999999997,0.03,0.0493700000000001));
#4036=CARTESIAN_POINT('',(-0.00999999999999996,0.03,0.04937));
#4037=CARTESIAN_POINT('',(0.09374,-0.128,0.04937));
#4038=CARTESIAN_POINT('',(0.09374,-0.138,0.04437));
#4039=CARTESIAN_POINT('',(0.08374,-0.138,0.0443700000000001));
#4040=CARTESIAN_POINT('',(0.07374,-0.138,0.0443700000000001));
#4041=CARTESIAN_POINT('',(0.0895733333333334,-0.126333333333333,0.0502033333333333));
#4042=CARTESIAN_POINT('',(0.0729066666666667,-0.136333333333333,0.0452033333333333));
#4043=CARTESIAN_POINT('',(0.09374,-0.128,0.04937));
#4044=CARTESIAN_POINT('',(0.09374,-0.138,0.04437));
#4045=CARTESIAN_POINT('',(0.00500000000000002,-0.138,0.0443700000000001));
#4046=CARTESIAN_POINT('',(-0.00499999999999998,-0.138,0.0443700000000001));
#4047=CARTESIAN_POINT('',(0.0239566666666667,-0.100086666666667,0.0633266666666667));
#4048=CARTESIAN_POINT('',(0.00729,-0.16258,0.03208));
#4049=CARTESIAN_POINT('',(0.09374,-0.138,0.04437));
#4050=CARTESIAN_POINT('',(0.09374,-0.138,0.03437));
#4051=CARTESIAN_POINT('',(0.08374,-0.138,0.0343700000000001));
#4052=CARTESIAN_POINT('',(0.07374,-0.138,0.03437));
#4053=CARTESIAN_POINT('',(0.08374,-0.138,0.3));
#4054=CARTESIAN_POINT('',(0.07374,-0.138,0.3));
#4055=CARTESIAN_POINT('',(0.09374,-0.138,0.04437));
#4056=CARTESIAN_POINT('',(0.09374,-0.138,0.03437));
#4057=CARTESIAN_POINT('',(0.00500000000000002,-0.138,0.0343700000000001));
#4058=CARTESIAN_POINT('',(-0.00499999999999997,-0.138,0.03437));
#4059=CARTESIAN_POINT('',(0.00500000000000002,-0.138,0.3));
#4060=CARTESIAN_POINT('',(-0.00499999999999998,-0.138,0.3));
#4061=CARTESIAN_POINT('',(0.09374,-0.138,0.03437));
#4062=CARTESIAN_POINT('',(0.09374,-0.128,0.02937));
#4063=CARTESIAN_POINT('',(0.08874,-0.128,0.0293700000000001));
#4064=CARTESIAN_POINT('',(0.06874,-0.128,0.0293700000000001));
#4065=CARTESIAN_POINT('',(0.0854066666666667,-0.134666666666667,0.0327033333333333));
#4066=CARTESIAN_POINT('',(0.0770733333333333,-0.144666666666667,0.0377033333333333));
#4067=CARTESIAN_POINT('',(0.09374,-0.138,0.03437));
#4068=CARTESIAN_POINT('',(0.09374,-0.128,0.02937));
#4069=CARTESIAN_POINT('',(0.01,-0.128,0.02937));
#4070=CARTESIAN_POINT('',(-0.00999999999999997,-0.128,0.0293700000000001));
#4071=CARTESIAN_POINT('',(0.01979,-0.10842,0.01958));
#4072=CARTESIAN_POINT('',(0.0114566666666667,-0.170913333333333,0.0508266666666666));
#4073=CARTESIAN_POINT('',(0.09374,-0.128,0.02937));
#4074=CARTESIAN_POINT('',(0.09374,0.03,0.02937));
#4075=CARTESIAN_POINT('',(0.08874,0.03,0.0293700000000001));
#4076=CARTESIAN_POINT('',(0.06874,0.03,0.0293700000000001));
#4077=CARTESIAN_POINT('',(0.08874,-0.128,0.02937));
#4078=CARTESIAN_POINT('',(0.06874,-0.128,0.02937));
#4079=CARTESIAN_POINT('',(0.09374,-0.128,0.02937));
#4080=CARTESIAN_POINT('',(0.09374,0.03,0.02937));
#4081=CARTESIAN_POINT('',(0.01,0.03,0.0293700000000001));
#4082=CARTESIAN_POINT('',(-0.00999999999999997,0.03,0.0293700000000001));
#4083=CARTESIAN_POINT('',(0.01,-0.128,0.02937));
#4084=CARTESIAN_POINT('',(-0.00999999999999996,-0.128,0.02937));
#4085=CARTESIAN_POINT('',(0.09374,0.03,-0.02937));
#4086=CARTESIAN_POINT('',(0.09374,-0.128,-0.02937));
#4087=CARTESIAN_POINT('',(0.08874,-0.128,-0.02937));
#4088=CARTESIAN_POINT('',(0.06874,-0.128,-0.02937));
#4089=CARTESIAN_POINT('',(0.08874,0.03,-0.02937));
#4090=CARTESIAN_POINT('',(0.08874,0.03,-0.0293699999999999));
#4091=CARTESIAN_POINT('',(0.09374,0.03,-0.02937));
#4092=CARTESIAN_POINT('',(0.06874,0.03,-0.0293699999999999));
#4093=CARTESIAN_POINT('',(0.06874,0.03,-0.02937));
#4094=CARTESIAN_POINT('',(0.09374,0.03,-0.02937));
#4095=CARTESIAN_POINT('',(0.09374,-0.128,-0.02937));
#4096=CARTESIAN_POINT('',(0.01,-0.128,-0.02937));
#4097=CARTESIAN_POINT('',(-0.00999999999999996,-0.128,-0.02937));
#4098=CARTESIAN_POINT('',(0.01,0.03,-0.02937));
#4099=CARTESIAN_POINT('',(0.01,0.03,-0.0293699999999999));
#4100=CARTESIAN_POINT('',(0.09374,0.03,-0.02937));
#4101=CARTESIAN_POINT('',(-0.00999999999999997,0.03,-0.0293699999999999));
#4102=CARTESIAN_POINT('',(-0.00999999999999996,0.03,-0.02937));
#4103=CARTESIAN_POINT('',(0.09374,-0.128,-0.02937));
#4104=CARTESIAN_POINT('',(0.09374,-0.138,-0.03437));
#4105=CARTESIAN_POINT('',(0.08374,-0.138,-0.0343699999999999));
#4106=CARTESIAN_POINT('',(0.07374,-0.138,-0.0343699999999999));
#4107=CARTESIAN_POINT('',(0.0895733333333334,-0.126333333333333,-0.0285366666666667));
#4108=CARTESIAN_POINT('',(0.0729066666666667,-0.136333333333333,-0.0335366666666667));
#4109=CARTESIAN_POINT('',(0.09374,-0.128,-0.02937));
#4110=CARTESIAN_POINT('',(0.09374,-0.138,-0.03437));
#4111=CARTESIAN_POINT('',(0.00500000000000002,-0.138,-0.0343699999999999));
#4112=CARTESIAN_POINT('',(-0.00499999999999998,-0.138,-0.0343699999999999));
#4113=CARTESIAN_POINT('',(0.0239566666666667,-0.100086666666667,-0.0154133333333333));
#4114=CARTESIAN_POINT('',(0.00729,-0.16258,-0.04666));
#4115=CARTESIAN_POINT('',(0.09374,-0.138,-0.03437));
#4116=CARTESIAN_POINT('',(0.09374,-0.138,-0.04437));
#4117=CARTESIAN_POINT('',(0.08374,-0.138,-0.0443699999999999));
#4118=CARTESIAN_POINT('',(0.07374,-0.138,-0.04437));
#4119=CARTESIAN_POINT('',(0.08374,-0.138,0.3));
#4120=CARTESIAN_POINT('',(0.07374,-0.138,0.3));
#4121=CARTESIAN_POINT('',(0.09374,-0.138,-0.03437));
#4122=CARTESIAN_POINT('',(0.09374,-0.138,-0.04437));
#4123=CARTESIAN_POINT('',(0.00500000000000002,-0.138,-0.0443699999999999));
#4124=CARTESIAN_POINT('',(-0.00499999999999997,-0.138,-0.04437));
#4125=CARTESIAN_POINT('',(0.00500000000000002,-0.138,0.3));
#4126=CARTESIAN_POINT('',(-0.00499999999999998,-0.138,0.3));
#4127=CARTESIAN_POINT('',(0.09374,-0.138,-0.04437));
#4128=CARTESIAN_POINT('',(0.09374,-0.128,-0.04937));
#4129=CARTESIAN_POINT('',(0.08874,-0.128,-0.0493699999999999));
#4130=CARTESIAN_POINT('',(0.06874,-0.128,-0.0493699999999999));
#4131=CARTESIAN_POINT('',(0.0854066666666667,-0.134666666666667,-0.0460366666666667));
#4132=CARTESIAN_POINT('',(0.0770733333333333,-0.144666666666667,-0.0410366666666667));
#4133=CARTESIAN_POINT('',(0.09374,-0.138,-0.04437));
#4134=CARTESIAN_POINT('',(0.09374,-0.128,-0.04937));
#4135=CARTESIAN_POINT('',(0.01,-0.128,-0.04937));
#4136=CARTESIAN_POINT('',(-0.00999999999999997,-0.128,-0.0493699999999999));
#4137=CARTESIAN_POINT('',(0.01979,-0.10842,-0.05916));
#4138=CARTESIAN_POINT('',(0.0114566666666667,-0.170913333333333,-0.0279133333333333));
#4139=CARTESIAN_POINT('',(0.09374,-0.128,-0.04937));
#4140=CARTESIAN_POINT('',(0.09374,0.03,-0.04937));
#4141=CARTESIAN_POINT('',(0.08874,0.03,-0.0493699999999999));
#4142=CARTESIAN_POINT('',(0.06874,0.03,-0.0493699999999999));
#4143=CARTESIAN_POINT('',(0.08874,-0.128,-0.04937));
#4144=CARTESIAN_POINT('',(0.06874,-0.128,-0.04937));
#4145=CARTESIAN_POINT('',(0.09374,-0.128,-0.04937));
#4146=CARTESIAN_POINT('',(0.09374,0.03,-0.04937));
#4147=CARTESIAN_POINT('',(0.01,0.03,-0.0493699999999999));
#4148=CARTESIAN_POINT('',(-0.00999999999999997,0.03,-0.0493699999999999));
#4149=CARTESIAN_POINT('',(0.01,-0.128,-0.04937));
#4150=CARTESIAN_POINT('',(-0.00999999999999996,-0.128,-0.04937));
#4151=CARTESIAN_POINT('',(0.09374,0.039,0.0575));
#4152=CARTESIAN_POINT('',(-0.08874,0.039,0.0575));
#4153=CARTESIAN_POINT('',(-0.08874,0.039,0.0575));
#4154=CARTESIAN_POINT('',(-0.08874,0.03,0.0575));
#4155=CARTESIAN_POINT('',(0.09374,0.03,0.0575));
#4156=CARTESIAN_POINT('',(0.09374,0.03,0.0575));
#4157=CARTESIAN_POINT('',(0.09374,0.039,0.0575));
#4158=CARTESIAN_POINT('',(0.09374,0.039,0.0575));
#4159=CARTESIAN_POINT('',(0.09374,0.039,0.0575));
#4160=CARTESIAN_POINT('',(0.09374,0.03,0.04937));
#4161=CARTESIAN_POINT('',(0.09374,-0.128,0.04937));
#4162=CARTESIAN_POINT('',(-0.06874,-0.128,0.04937));
#4163=CARTESIAN_POINT('',(-0.08874,-0.128,0.04937));
#4164=CARTESIAN_POINT('',(-0.06874,0.03,0.04937));
#4165=CARTESIAN_POINT('',(-0.06874,0.03,0.0493700000000001));
#4166=CARTESIAN_POINT('',(0.09374,0.03,0.04937));
#4167=CARTESIAN_POINT('',(-0.08874,0.03,0.04937));
#4168=CARTESIAN_POINT('',(-0.08874,0.03,0.04937));
#4169=CARTESIAN_POINT('',(0.09374,-0.128,0.04937));
#4170=CARTESIAN_POINT('',(0.09374,-0.138,0.04437));
#4171=CARTESIAN_POINT('',(-0.07374,-0.138,0.0443700000000001));
#4172=CARTESIAN_POINT('',(-0.08374,-0.138,0.0443700000000001));
#4173=CARTESIAN_POINT('',(-0.0416599999999999,-0.07384,0.07645));
#4174=CARTESIAN_POINT('',(-0.0583266666666666,-0.188826666666667,0.0189566666666667));
#4175=CARTESIAN_POINT('',(0.09374,-0.138,0.04437));
#4176=CARTESIAN_POINT('',(0.09374,-0.138,0.03437));
#4177=CARTESIAN_POINT('',(-0.07374,-0.138,0.0343700000000001));
#4178=CARTESIAN_POINT('',(-0.08374,-0.138,0.03437));
#4179=CARTESIAN_POINT('',(-0.07374,-0.138,0.3));
#4180=CARTESIAN_POINT('',(-0.08374,-0.138,0.3));
#4181=CARTESIAN_POINT('',(0.09374,-0.138,0.03437));
#4182=CARTESIAN_POINT('',(0.09374,-0.128,0.02937));
#4183=CARTESIAN_POINT('',(-0.06874,-0.128,0.02937));
#4184=CARTESIAN_POINT('',(-0.08874,-0.128,0.02937));
#4185=CARTESIAN_POINT('',(-0.0458266666666665,-0.0821733333333333,0.00645666666666664));
#4186=CARTESIAN_POINT('',(-0.05416,-0.19716,0.06395));
#4187=CARTESIAN_POINT('',(0.09374,-0.128,0.02937));
#4188=CARTESIAN_POINT('',(0.09374,0.03,0.02937));
#4189=CARTESIAN_POINT('',(-0.06874,0.03,0.0293700000000001));
#4190=CARTESIAN_POINT('',(-0.08874,0.03,0.02937));
#4191=CARTESIAN_POINT('',(-0.06874,-0.128,0.02937));
#4192=CARTESIAN_POINT('',(-0.08874,-0.128,0.02937));
#4193=CARTESIAN_POINT('',(0.09374,0.03,-0.02937));
#4194=CARTESIAN_POINT('',(0.09374,-0.128,-0.02937));
#4195=CARTESIAN_POINT('',(-0.06874,-0.128,-0.02937));
#4196=CARTESIAN_POINT('',(-0.08874,-0.128,-0.02937));
#4197=CARTESIAN_POINT('',(-0.06874,0.03,-0.02937));
#4198=CARTESIAN_POINT('',(-0.06874,0.03,-0.0293699999999999));
#4199=CARTESIAN_POINT('',(0.09374,0.03,-0.02937));
#4200=CARTESIAN_POINT('',(-0.08874,0.03,-0.02937));
#4201=CARTESIAN_POINT('',(-0.08874,0.03,-0.02937));
#4202=CARTESIAN_POINT('',(0.09374,-0.128,-0.02937));
#4203=CARTESIAN_POINT('',(0.09374,-0.138,-0.03437));
#4204=CARTESIAN_POINT('',(-0.07374,-0.138,-0.0343699999999999));
#4205=CARTESIAN_POINT('',(-0.08374,-0.138,-0.0343699999999999));
#4206=CARTESIAN_POINT('',(-0.0416599999999999,-0.07384,-0.00228999999999998));
#4207=CARTESIAN_POINT('',(-0.0583266666666666,-0.188826666666667,-0.0597833333333333));
#4208=CARTESIAN_POINT('',(0.09374,-0.138,-0.03437));
#4209=CARTESIAN_POINT('',(0.09374,-0.138,-0.04437));
#4210=CARTESIAN_POINT('',(-0.07374,-0.138,-0.0443699999999999));
#4211=CARTESIAN_POINT('',(-0.08374,-0.138,-0.0443699999999999));
#4212=CARTESIAN_POINT('',(-0.07374,-0.138,0.3));
#4213=CARTESIAN_POINT('',(-0.08374,-0.138,0.3));
#4214=CARTESIAN_POINT('',(0.09374,-0.138,-0.04437));
#4215=CARTESIAN_POINT('',(0.09374,-0.128,-0.04937));
#4216=CARTESIAN_POINT('',(-0.06874,-0.128,-0.04937));
#4217=CARTESIAN_POINT('',(-0.08874,-0.128,-0.0493699999999999));
#4218=CARTESIAN_POINT('',(-0.0458266666666665,-0.0821733333333333,-0.0722833333333334));
#4219=CARTESIAN_POINT('',(-0.05416,-0.19716,-0.01479));
#4220=CARTESIAN_POINT('',(0.09374,-0.128,-0.04937));
#4221=CARTESIAN_POINT('',(0.09374,0.03,-0.04937));
#4222=CARTESIAN_POINT('',(-0.06874,0.03,-0.0493699999999999));
#4223=CARTESIAN_POINT('',(-0.08874,0.03,-0.04937));
#4224=CARTESIAN_POINT('',(-0.06874,-0.128,-0.04937));
#4225=CARTESIAN_POINT('',(-0.08874,-0.128,-0.04937));
#4226=CARTESIAN_POINT('',(0.09374,0.03,-0.04937));
#4227=CARTESIAN_POINT('',(-0.08874,0.03,0.0575));
#4228=CARTESIAN_POINT('',(-0.06874,0.03,0.3));
#4229=CARTESIAN_POINT('',(-0.08874,0.03,0.02937));
#4230=CARTESIAN_POINT('',(-0.06874,0.03,0.3));
#4231=CARTESIAN_POINT('',(-0.08874,0.03,-0.04937));
#4232=CARTESIAN_POINT('',(-0.08874,0.03,-0.0575));
#4233=CARTESIAN_POINT('',(0.09374,0.03,-0.0575));
#4234=CARTESIAN_POINT('',(0.09374,0.03,-0.0575));
#4235=CARTESIAN_POINT('',(0.09374,0.03,0.0575));
#4236=CARTESIAN_POINT('',(0.08874,0.03,0.3));
#4237=CARTESIAN_POINT('',(0.06874,0.03,0.3));
#4238=CARTESIAN_POINT('',(0.01,0.03,0.3));
#4239=CARTESIAN_POINT('',(-0.00999999999999997,0.03,0.3));
#4240=CARTESIAN_POINT('',(0.08874,0.03,0.3));
#4241=CARTESIAN_POINT('',(0.06874,0.03,0.3));
#4242=CARTESIAN_POINT('',(0.01,0.03,0.3));
#4243=CARTESIAN_POINT('',(-0.00999999999999997,0.03,0.3));
#4244=CARTESIAN_POINT('',(0.09374,0.03,-0.0575));
#4245=CARTESIAN_POINT('',(-0.08874,0.03,-0.0575));
#4246=CARTESIAN_POINT('',(-0.08874,0.039,-0.0575));
#4247=CARTESIAN_POINT('',(0.09374,0.039,-0.0575));
#4248=CARTESIAN_POINT('',(0.09374,0.039,-0.0575));
#4249=CARTESIAN_POINT('',(0.09374,0.03,-0.0575));
#4250=CARTESIAN_POINT('',(0.09374,0.039,-0.0575));
#4251=CARTESIAN_POINT('',(-0.08874,0.039,-0.0575));
#4252=CARTESIAN_POINT('',(0.09374,0.039,-0.0575));
#4253=CARTESIAN_POINT('',(0.09374,0.,0.));
#4254=CARTESIAN_POINT('',(-0.08874,0.,0.));
#4255=CARTESIAN_POINT('',(-0.08874,-0.128,0.));
#4256=CARTESIAN_POINT('',(-0.08874,-0.128,0.));
#4257=CARTESIAN_POINT('',(-0.08874,-0.128,0.3));
#4258=CARTESIAN_POINT('',(-0.08874,-0.128,0.3));
#4259=CARTESIAN_POINT('',(0.08874,-0.128,0.3));
#4260=CARTESIAN_POINT('',(0.08874,-0.128,0.3));
#4261=CARTESIAN_POINT('',(0.08374,-0.138,0.3));
#4262=CARTESIAN_POINT('',(0.08874,-0.128,0.3));
#4263=CARTESIAN_POINT('',(0.08874,-0.128,0.3));
#4264=CARTESIAN_POINT('',(0.08374,-0.138,0.3));
#4265=CARTESIAN_POINT('',(-0.06874,-0.128,0.3));
#4266=CARTESIAN_POINT('',(-0.06874,-0.128,0.3));
#4267=CARTESIAN_POINT('',(-0.00999999999999997,0.03,0.3));
#4268=CARTESIAN_POINT('',(-0.00999999999999997,-0.128,0.3));
#4269=CARTESIAN_POINT('',(-0.07374,-0.138,0.3));
#4270=CARTESIAN_POINT('',(-0.00999999999999997,-0.128,0.3));
#4271=CARTESIAN_POINT('',(0.01,-0.128,0.3));
#4272=CARTESIAN_POINT('',(0.01,-0.128,0.3));
#4273=CARTESIAN_POINT('',(0.06874,0.03,0.3));
#4274=CARTESIAN_POINT('',(0.06874,-0.128,0.3));
#4275=CARTESIAN_POINT('',(0.00500000000000002,-0.138,0.3));
#4276=CARTESIAN_POINT('',(0.06874,-0.128,0.3));
#4277=CARTESIAN_POINT('',(-0.06874,-0.128,0.3));
#4278=CARTESIAN_POINT('',(-0.06874,-0.128,0.3));
#4279=CARTESIAN_POINT('',(-0.00999999999999997,0.03,0.3));
#4280=CARTESIAN_POINT('',(-0.00999999999999997,-0.128,0.3));
#4281=CARTESIAN_POINT('',(-0.07374,-0.138,0.3));
#4282=CARTESIAN_POINT('',(-0.00999999999999997,-0.128,0.3));
#4283=CARTESIAN_POINT('',(0.06874,-0.128,0.3));
#4284=CARTESIAN_POINT('',(0.06874,-0.128,0.3));
#4285=CARTESIAN_POINT('',(0.00500000000000002,-0.138,0.3));
#4286=CARTESIAN_POINT('',(0.01,-0.128,0.3));
#4287=CARTESIAN_POINT('',(0.06874,0.03,0.3));
#4288=CARTESIAN_POINT('',(0.01,-0.128,0.3));
#4289=CARTESIAN_POINT('',(0.,0.,0.));
#4290=MECHANICAL_DESIGN_GEOMETRIC_PRESENTATION_REPRESENTATION('',(#2696,
#2697,#2698),#4291);
#4291=(
GEOMETRIC_REPRESENTATION_CONTEXT(3)
GLOBAL_UNCERTAINTY_ASSIGNED_CONTEXT((#4295))
GLOBAL_UNIT_ASSIGNED_CONTEXT((#4301,#4300,#4299))
REPRESENTATION_CONTEXT('TMM-103-01-L-D','TOP_LEVEL_ASSEMBLY_PART')
);
#4292=(
GEOMETRIC_REPRESENTATION_CONTEXT(3)
GLOBAL_UNCERTAINTY_ASSIGNED_CONTEXT((#4296))
GLOBAL_UNIT_ASSIGNED_CONTEXT((#4301,#4300,#4299))
REPRESENTATION_CONTEXT('TMM-103-01-L-D_body','COMPONENT_PART')
);
#4293=(
GEOMETRIC_REPRESENTATION_CONTEXT(3)
GLOBAL_UNCERTAINTY_ASSIGNED_CONTEXT((#4297))
GLOBAL_UNIT_ASSIGNED_CONTEXT((#4301,#4300,#4299))
REPRESENTATION_CONTEXT('TMM-103-01-L-D_pins1','COMPONENT_PART')
);
#4294=(
GEOMETRIC_REPRESENTATION_CONTEXT(3)
GLOBAL_UNCERTAINTY_ASSIGNED_CONTEXT((#4298))
GLOBAL_UNIT_ASSIGNED_CONTEXT((#4301,#4300,#4299))
REPRESENTATION_CONTEXT('TMM-103-01-L-D_pins2','COMPONENT_PART')
);
#4295=UNCERTAINTY_MEASURE_WITH_UNIT(LENGTH_MEASURE(3.93700787401575E-7),
#4301,'DISTANCE_ACCURACY_VALUE','Maximum Tolerance applied to model');
#4296=UNCERTAINTY_MEASURE_WITH_UNIT(LENGTH_MEASURE(3.93700787401575E-7),
#4301,'DISTANCE_ACCURACY_VALUE','Maximum Tolerance applied to model');
#4297=UNCERTAINTY_MEASURE_WITH_UNIT(LENGTH_MEASURE(3.93700787401575E-7),
#4301,'DISTANCE_ACCURACY_VALUE','Maximum Tolerance applied to model');
#4298=UNCERTAINTY_MEASURE_WITH_UNIT(LENGTH_MEASURE(3.93700787401575E-7),
#4301,'DISTANCE_ACCURACY_VALUE','Maximum Tolerance applied to model');
#4299=(
NAMED_UNIT(*)
SI_UNIT($,.STERADIAN.)
SOLID_ANGLE_UNIT()
);
#4300=(
NAMED_UNIT(*)
PLANE_ANGLE_UNIT()
SI_UNIT($,.RADIAN.)
);
#4301=(
CONVERSION_BASED_UNIT('INCH',#4303)
LENGTH_UNIT()
NAMED_UNIT(#4302)
);
#4302=DIMENSIONAL_EXPONENTS(1.,0.,0.,0.,0.,0.,0.);
#4303=LENGTH_MEASURE_WITH_UNIT(LENGTH_MEASURE(25.4),#4304);
#4304=(
LENGTH_UNIT()
NAMED_UNIT(*)
SI_UNIT(.MILLI.,.METRE.)
);
#4305=PRODUCT_DEFINITION_SHAPE('','',#4312);
#4306=PRODUCT_DEFINITION_SHAPE('','',#4313);
#4307=PRODUCT_DEFINITION_SHAPE(' ','NAUO PRDDFN',#14);
#4308=PRODUCT_DEFINITION_SHAPE('','',#4314);
#4309=PRODUCT_DEFINITION_SHAPE(' ','NAUO PRDDFN',#15);
#4310=PRODUCT_DEFINITION_SHAPE('','',#4315);
#4311=PRODUCT_DEFINITION_SHAPE(' ','NAUO PRDDFN',#16);
#4312=PRODUCT_DEFINITION('','',#4320,#4316);
#4313=PRODUCT_DEFINITION('','',#4321,#4317);
#4314=PRODUCT_DEFINITION('','',#4322,#4318);
#4315=PRODUCT_DEFINITION('','',#4323,#4319);
#4316=PRODUCT_DEFINITION_CONTEXT('',#4341,'design');
#4317=PRODUCT_DEFINITION_CONTEXT('',#4341,'design');
#4318=PRODUCT_DEFINITION_CONTEXT('',#4341,'design');
#4319=PRODUCT_DEFINITION_CONTEXT('',#4341,'design');
#4320=PRODUCT_DEFINITION_FORMATION_WITH_SPECIFIED_SOURCE('','',#4328,
 .NOT_KNOWN.);
#4321=PRODUCT_DEFINITION_FORMATION_WITH_SPECIFIED_SOURCE('','',#4329,
 .NOT_KNOWN.);
#4322=PRODUCT_DEFINITION_FORMATION_WITH_SPECIFIED_SOURCE('','',#4330,
 .NOT_KNOWN.);
#4323=PRODUCT_DEFINITION_FORMATION_WITH_SPECIFIED_SOURCE('','',#4331,
 .NOT_KNOWN.);
#4324=PRODUCT_RELATED_PRODUCT_CATEGORY('','',(#4328));
#4325=PRODUCT_RELATED_PRODUCT_CATEGORY('','',(#4329));
#4326=PRODUCT_RELATED_PRODUCT_CATEGORY('','',(#4330));
#4327=PRODUCT_RELATED_PRODUCT_CATEGORY('','',(#4331));
#4328=PRODUCT('TMM-103-01-L-D','TMM-103-01-L-D','TMM-103-01-L-D',(#4336));
#4329=PRODUCT('TMM-103-01-L-D_body','TMM-103-01-L-D_body',
'TMM-103-01-L-D_body',(#4337));
#4330=PRODUCT('TMM-103-01-L-D_pins1','TMM-103-01-L-D_pins1',
'TMM-103-01-L-D_pins1',(#4338));
#4331=PRODUCT('TMM-103-01-L-D_pins2','TMM-103-01-L-D_pins2',
'TMM-103-01-L-D_pins2',(#4339));
#4332=PRODUCT_CATEGORY('','');
#4333=PRODUCT_CATEGORY('','');
#4334=PRODUCT_CATEGORY('','');
#4335=PRODUCT_CATEGORY('','');
#4336=PRODUCT_CONTEXT('',#4341,'mechanical');
#4337=PRODUCT_CONTEXT('',#4341,'mechanical');
#4338=PRODUCT_CONTEXT('',#4341,'mechanical');
#4339=PRODUCT_CONTEXT('',#4341,'mechanical');
#4340=APPLICATION_PROTOCOL_DEFINITION('international standard',
'ap242_managed_model_based_3d_engineering',2011,#4341);
#4341=APPLICATION_CONTEXT('managed model based 3d engineering');
ENDSEC;
END-ISO-10303-21;
